0100,ちょっと,1,ちょっと
0100,マラ,0,まら
0100,一つ,1,ひとつ
0100,一人,1,ひとり
0100,三つ,1,みっつ
0100,両親,0,りょうしん
0100,九,1,きゅう
0100,予定,0,よてい
0100,二つ,1,ふたつ
0100,二人,1,ふたり
0100,五つ,1,いつつ
0100,今日,1,きょう
0100,仕事,1,しごと
0100,会社,1,かいしゃ
0100,何,1,なに
0100,作る,1,つくる
0100,例えば,1,たとえば
0100,元気,1,げんき
0100,全部,0,ぜんぶ
0100,八,1,はち
0100,六,1,ろく
0100,出す,1,だす
0100,出る,1,でる
0100,出身,0,しゅっしん
0100,十,1,じゅう
0100,午後,1,ごご
0100,半分,1,はんぶん
0100,口,1,くち
0100,台風,1,たいふう
0100,名前,1,なまえ
0100,呼ぶ,0,よぶ
0100,四つ,1,よつ
0100,国,1,くに
0100,地図,1,ちず
0100,売る,1,うる
0100,外,1,そと
0100,外国,1,がいこく
0100,外国人,1,がいこくじん
0100,大きい,1,おおきい
0100,大人,1,おとな
0100,大学,1,だいがく
0100,天気,1,てんき
0100,女の子,1,おんなのこ
0100,学校,1,がっこう
0100,安全,0,あんぜん
0100,小学校,1,しょうがっこう
0100,小説,0,しょうせつ
0100,少し,1,すこし
0100,少ない,1,すくない
0100,山,1,やま
0100,川,1,かわ
0100,工場,0,こうじょう
0100,左,1,ひだり
0100,広い,1,ひろい
0100,庭,0,にわ
0100,後ろ,1,うしろ
0100,御母さん,1,おかあさん
0100,御父さん,1,おとうさん
0100,御袋,0,おふくろ
0100,思う,1,おもう
0100,押す,1,おす
0100,文化,1,ぶんか
0100,時間,1,じかん
0100,木,1,き
0100,本,1,ほん
0100,歌,1,うた
0100,母,1,はは
0100,毎日,1,まいにち
0100,毎月,1,まいつき
0100,気,1,き
0100,父,1,ちち
0100,男の子,1,おとこのこ
0100,番組,0,ばんぐみ
0100,白い,1,しろい
0100,百,1,ひゃく
0100,相手,0,あいて
0100,研究,0,けんきゅう
0100,社長,1,しゃちょう
0100,空港,1,くうこう
0100,考える,1,かんがえる
0100,聞こえる,1,きこえる
0100,自分,1,じぶん
0100,自由,0,じゆう
0100,見える,1,みえる
0100,見せる,1,みせる
0100,言う,1,いう
0100,言葉,1,ことば
0100,警察,0,けいさつ
0100,走る,1,はしる
0100,送る,0,おくる
0100,運ぶ,0,はこぶ
0100,選ぶ,0,えらぶ
0100,集める,0,あつめる
0100,雪,1,ゆき
0100,零,0,れい
0100,零時,0,れいじ
0100,電話,1,でんわ
0100,電車,1,でんしゃ
0100,高い,1,たかい
0100,黙殺,0,もくさつ
0200,〇,1,〇
0200,ゼロ,1,ぜろ
0200,マイナス,1,まいなす
0200,一,1,いち
0200,七,1,しち
0200,七つ,1,ななつ
0200,三,1,さん
0200,世界,1,せかい
0200,中学生,1,ちゅうがくせい
0200,二,1,に
0200,五,1,ご
0200,今年,1,こんねん
0200,今月,1,こんげつ
0200,休み,1,やすみ
0200,作家,0,さっか
0200,使う,1,つかう
0200,先月,1,せんげつ
0200,先輩,0,せんぱい
0200,入れる,1,いれる
0200,冬,1,ふゆ
0200,北,1,きた
0200,午前,1,ごぜん
0200,南,1,みなみ
0200,受ける,0,うける
0200,右,1,みぎ
0200,同じ,1,おなじ
0200,問題,0,もんだい
0200,四,1,し
0200,地震,0,じしん
0200,場所,1,ばしょ
0200,夕方,0,ゆうがた
0200,大切,1,たいせつ
0200,夫婦,0,ふうふ
0200,実,0,み
0200,実は,0,じつは
0200,小さい,1,ちーさい
0200,幸せ,0,しあわせ
0200,広告,0,こうこく
0200,弟,1,おとうと
0200,心配,0,しんぱい
0200,性格,0,せいかく
0200,探す,0,さがす
0200,政府,0,せいふ
0200,新しい,1,あたらしい
0200,旅行,1,りょこう
0200,旅館,0,りょかん
0200,明日,1,あした
0200,昔,1,むかし
0200,時々,1,ときどき
0200,最近,1,さいきん
0200,月曜日,1,げつようび
0200,木曜日,1,もくようび
0200,楽,0,らく
0200,歌手,1,かしゅ
0200,毎年,1,まいとし
0200,水曜日,1,すいようび
0200,準備,0,じゅんび
0200,火曜日,1,かようび
0200,犬,1,いぬ
0200,環境,0,かんきょう
0200,生まれる,0,うまれる
0200,男,1,おとこ
0200,病気,1,びょうき
0200,病院,1,びょういん
0200,発表,0,はっぴょう
0200,着物,0,きもの
0200,知る,1,しる
0200,砂糖,0,さとう
0200,社会,1,しゃかい
0200,種類,0,しゅるい
0200,約束,0,やくそく
0200,経験,0,けいけん
0200,絵,1,え
0200,習慣,0,しゅうかん
0200,聞く,1,きく
0200,自転車,1,じてんしゃ
0200,英語,1,えいご
0200,落ちる,0,おちる
0200,虫,1,むし
0200,見る,1,みる
0200,話,1,はなし
0200,話す,1,はなす
0200,読む,1,よむ
0200,趣味,0,しゅみ
0200,近い,1,ちかい
0200,違い,1,ちがい
0200,違う,1,ちがう
0200,部屋,0,へや
0200,部長,0,ぶちょう
0200,重い,1,おもい
0200,金曜日,1,きんようび
0200,長い,1,ながい
0200,難問,0,なんもん
0200,雨,1,あめ
0200,電気,1,でんき
0200,音,1,おと
0200,音楽,1,おんがく
0200,頼む,0,たのむ
0200,食べる,1,たべる
0200,高校,1,こうこう
0300,上下,0,じょうげ
0300,中学,1,ちゅうがく
0300,人生,0,じんせい
0300,今度,1,こんど
0300,今後,0,こんご
0300,休む,1,やすむ
0300,何か,1,なにか
0300,信号,0,しんごう
0300,借りる,0,かりる
0300,兄,1,あに
0300,兄弟,0,きょうだい
0300,入学,1,にゅうがく
0300,公園,1,こうえん
0300,写真,0,しゃしん
0300,別れる,0,わかれる
0300,助ける,0,たすける
0300,募集,0,ぼしゅう
0300,包む,0,つつむ
0300,千,1,せん
0300,厳しい,0,いかめしい
0300,友人,1,ゆうじん
0300,友達,1,ともだち
0300,困る,0,こまる
0300,図書館,1,としょかん
0300,土曜日,1,どようび
0300,大好き,1,だいすき
0300,大学院,1,だいがくいん
0300,女,1,おんな
0300,始まる,1,はじまる
0300,始める,1,はじめる
0300,学生,1,がくせい
0300,家事,0,かじ
0300,少々,0,しょうしょう
0300,左右,1,さゆう
0300,年間,1,ねんかん
0300,建物,0,たてもの
0300,強い,0,つよい
0300,彼女,1,かのじょ
0300,怒る,0,いかる
0300,思い出,1,おもいで
0300,息子,0,むすこ
0300,意味,1,いみ
0300,意見,0,いけん
0300,手,1,て
0300,手紙,1,てがみ
0300,持つ,1,もつ
0300,授業,0,じゅぎょう
0300,料理,0,りょうり
0300,料理屋,0,りょうりや
0300,料理店,0,りょうりてん
0300,新聞,1,しんぶん
0300,日記,1,にっき
0300,早い,1,はやい
0300,明るい,1,あかるい
0300,映画,1,えいが
0300,時代,0,じだい
0300,書類,0,しょるい
0300,最低,0,さいてい
0300,最後,0,さいご
0300,来年,1,らいねん
0300,楽しい,1,たのしい
0300,欲しい,0,ほしい
0300,歌う,1,うたう
0300,毎週,1,まいしゅう
0300,気分,0,きぶん
0300,消える,0,きえる
0300,漫画,0,まんが
0300,火事,0,かじ
0300,特に,0,とくに
0300,犯人,0,はんにん
0300,理想,0,りそう
0300,町,1,まち
0300,番号,1,ばんごう
0300,痛い,1,いたい
0300,盗む,0,ぬすむ
0300,秘密,0,ひみつ
0300,空気,0,くうき
0300,窓,0,まど
0300,笑う,0,わらう
0300,答える,0,こたえる
0300,紙,1,かみ
0300,終わる,1,おわる
0300,花,1,はな
0300,見付ける,0,みつける
0300,負ける,0,まける
0300,買い物,1,かいもの
0300,質問,0,しつもん
0300,赤ちゃん,1,あかちゃん
0300,起こす,1,おこす
0300,遠い,0,とおい
0300,銀行,1,ぎんこう
0300,長男,0,ちょうなん
0300,間違い,1,まちがい
0300,雑誌,0,ざっし
0300,飛行機,1,ひこうき
0300,食べ物,1,たべもの
0300,首相,0,しゅしょう
0300,駅,1,えき
0300,黒,1,くろ
0300,黒い,1,くろい
0400,上手,1,じょうず
0400,不注意,0,ふちゅうい
0400,不足,0,ふそく
0400,中,1,なか
0400,今,1,いま
0400,以上,0,いじょう
0400,以下,0,いか
0400,作品,0,さくひん
0400,使用,0,しよう
0400,冷蔵庫,0,れいぞうこ
0400,切る,1,きる
0400,別に,0,べつに
0400,利用,0,りよう
0400,勉強,1,べんきょう
0400,動物,1,どうぶつ
0400,勝つ,0,かつ
0400,取る,0,とる
0400,古い,1,ふるい
0400,土地,0,とち
0400,地下鉄,0,ちかてつ
0400,壊す,0,こわす
0400,変,0,へん
0400,変わる,0,かわる
0400,夏休み,1,なつやすみ
0400,子供,1,こども
0400,完全,0,かんぜん
0400,家具,0,かぐ
0400,家庭,0,かてい
0400,家族,1,かぞく
0400,少年,1,しょうねん
0400,待つ,1,まつ
0400,必要,0,ひつよう
0400,悲しい,0,かなしい
0400,戻る,0,もどる
0400,支店,0,してん
0400,教える,1,おしえる
0400,教室,1,きょうしつ
0400,文字,1,もじ
0400,文学,1,ぶんがく
0400,明らか,0,あきらか
0400,映画館,1,えいがかん
0400,春,1,はる
0400,昼,1,ひる
0400,晴れる,1,はれる
0400,最も,0,もっとも
0400,最初,0,さいしょ
0400,有名,1,ゆうめい
0400,本来,0,ほんらい
0400,楽器,0,がっき
0400,歩く,1,あるく
0400,気持ち,1,きもち
0400,注意,0,ちゅうい
0400,海,1,うみ
0400,海外,0,かいがい
0400,漢字,1,かんじ
0400,特別,0,とくべつ
0400,理由,0,りゆう
0400,生徒,0,せいと
0400,生活,0,せいかつ
0400,用意,0,ようい
0400,男子,1,だんし
0400,皆さん,1,みなさん
0400,目的,0,もくてき
0400,神様,0,かみさま
0400,神社,0,じんじゃ
0400,立つ,1,たつ
0400,答え,1,こたえ
0400,紅茶,0,こうちゃ
0400,結婚,0,けっこん
0400,給料,0,きゅうりょう
0400,練習,0,れんしゅう
0400,美術館,0,びじゅつかん
0400,肉,1,にく
0400,船,1,ふね
0400,荷物,1,にもつ
0400,落とす,0,おとす
0400,要注意,0,ようちゅうい
0400,計画,0,けいかく
0400,試合,0,しあい
0400,試験,0,しけん
0400,説明,0,せつめい
0400,読書,0,どくしょ
0400,誰,1,だれ
0400,買う,1,かう
0400,赤い,1,あかい
0400,足,1,あし
0400,踏む,0,ふむ
0400,車,1,くるま
0400,遅い,0,おそい
0400,運動,0,うんどう
0400,野菜,0,やさい
0400,間に合う,0,まにあう
0400,関係,0,かんけい
0400,離れる,0,はなれる
0400,難しい,1,むずかしい
0400,青,1,あお
0400,静か,0,しずか
0400,靴,0,くつ
0400,魚,1,さかな
0400,鳥,1,とり
0500,一度,1,いちど
0500,一緒,1,いっしょ
0500,上がる,1,あがる
0500,下さる,1,くださる
0500,中学校,1,ちゅうがっこう
0500,予約,0,よやく
0500,人口,1,じんこう
0500,人物,0,じんぶつ
0500,以前,0,いぜん
0500,会う,1,あう
0500,会場,0,かいじょう
0500,会話,1,かいわ
0500,会議,0,かいぎ
0500,作業,0,さぎょう
0500,保険,0,ほけん
0500,先生,1,せんせい
0500,免許,0,めんきょ
0500,入院,0,にゅういん
0500,分かる,1,わかる
0500,分野,0,ぶんや
0500,医者,1,いしゃ
0500,十分,0,じゅうぶん
0500,卒業,0,そつぎょう
0500,危険,0,きけん
0500,原因,0,げんいん
0500,反対,0,はんたい
0500,同時,0,どうじ
0500,国家,0,こっか
0500,地下,0,ちか
0500,場合,0,ばあい
0500,増える,0,ふえる
0500,壊れる,0,こわれる
0500,声,1,こえ
0500,大事,0,だいじ
0500,大会,0,たいかい
0500,大学生,1,だいがくせい
0500,女性,1,じょせい
0500,始め,1,はじめ
0500,実際,0,じっさい
0500,少女,0,しょうじょ
0500,年,1,ねん
0500,引っ越す,0,ひっこす
0500,必ず,0,かならず
0500,急,0,きゅう
0500,恥ずかしい,0,はずかしい
0500,悩み,0,なやみ
0500,戦い,0,たたかい
0500,戦争,0,せんそう
0500,指輪,0,ゆびわ
0500,推薦,0,すいせん
0500,政治,0,せいじ
0500,教会,0,きょうかい
0500,教育,0,きょういく
0500,散歩,0,さんぽ
0500,新た,0,あらた
0500,日時,0,にちじ
0500,日本,1,にっぽん
0500,時計,1,とけい
0500,普通,0,ふつう
0500,本当,1,ほんとう
0500,来る,1,くる
0500,来月,1,らいげつ
0500,東,1,ひがし
0500,校長,1,こうちょう
0500,横,0,よこ
0500,歴史,0,れきし
0500,母親,1,ははおや
0500,毎朝,1,まいあさ
0500,比べる,0,くらべる
0500,気に入る,0,きにいる
0500,決める,0,きめる
0500,治す,0,なおす
0500,注目,0,ちゅうもく
0500,無理,0,むり
0500,物語,0,ものがたり
0500,犯罪,0,はんざい
0500,猫,1,ねこ
0500,現在,0,げんざい
0500,男性,0,だんせい
0500,留守,0,るす
0500,発見,0,はっけん
0500,直す,0,なおす
0500,着る,1,きる
0500,祖父,0,そふ
0500,税金,0,ぜいきん
0500,立場,0,たちば
0500,紹介,0,しょうかい
0500,経済,0,けいざい
0500,自然,0,しぜん
0500,行く,1,いく
0500,行動,0,こうどう
0500,観光,0,かんこう
0500,調べる,0,しらべる
0500,貸す,0,かす
0500,足りる,0,たりる
0500,途中,0,とちゅう
0500,通る,0,とうる
0500,運転,0,うんてん
0500,開始,0,かいし
0500,間違える,0,まちがえる
0600,一体,0,いったい
0600,下り,0,くだり
0600,不安,0,ふあん
0600,事件,0,じけん
0600,事故,0,じこ
0600,今回,0,こんかい
0600,今日中に,0,きょうじゅうに
0600,仕方,0,しかた
0600,以来,0,いらい
0600,位置,0,いち
0600,低い,0,ひくい
0600,住所,0,じゅうしょ
0600,便利,0,べんり
0600,倒れる,0,たおれる
0600,内容,0,ないよう
0600,出発,0,しゅっぱつ
0600,前,1,まえ
0600,参加,0,さんか
0600,友,1,とも
0600,可能,0,かのう
0600,合う,0,あう
0600,名,0,めい
0600,向こう,1,むこう
0600,商品,0,しょうひん
0600,国語,0,こくご
0600,外出,0,がいしゅつ
0600,夢,0,ゆめ
0600,大半,0,たいはん
0600,失敗,0,しっぱい
0600,女子,0,じょし
0600,妹,0,いもうと
0600,子,1,こ
0600,学ぶ,1,まなぶ
0600,実際に,0,じっさいに
0600,将来,0,しょうらい
0600,市民,0,しみん
0600,当時,0,とうじ
0600,後輩,0,こうはい
0600,御金持ち,0,おかねもち
0600,情報,0,じょうほう
0600,技術,0,ぎじゅつ
0600,教科書,0,きょうかしょ
0600,文句,0,もんく
0600,文章,0,ぶんしょう
0600,料金,0,りょうきん
0600,方向,0,ほうこう
0600,方法,0,ほうほう
0600,日,1,にち
0600,日曜日,1,にちようび
0600,昼間,0,ひるま
0600,時期,0,じき
0600,暗い,0,くらい
0600,有名人,0,ゆうめいじん
0600,期間,0,きかん
0600,机,0,つくえ
0600,村,0,むら
0600,機会,0,きかい
0600,機能,0,きのう
0600,残す,0,のこす
0600,決まる,0,きまる
0600,法律,0,ほうりつ
0600,泥棒,0,どろぼう
0600,海外旅行,0,かいがいりょこう
0600,無料,0,むりょう
0600,父親,1,ちちおや
0600,発行,0,はっこう
0600,発音,0,はつおん
0600,眼鏡,0,めがね
0600,短い,1,みじかい
0600,確認,0,かくにん
0600,科学,0,かがく
0600,科学者,0,かがくしゃ
0600,程度,0,ていど
0600,箱,0,はこ
0600,簡単,0,かんたん
0600,絶対に,0,ぜったいに
0600,緑,1,みどり
0600,耳,1,みみ
0600,自身,0,じしん
0600,西,1,にし
0600,覚える,1,おぼえる
0600,触る,0,ふる
0600,誘う,0,さそう
0600,起きる,0,おきる
0600,越える,0,こえる
0600,軽い,0,かるい
0600,通う,0,かよう
0600,連絡,0,れんらく
0600,過去,0,かこ
0600,道路,0,どうろ
0600,選手,0,せんしゅ
0600,選挙,0,せんきょ
0600,部下,0,ぶか
0600,部分,0,ぶぶん
0600,重要,0,じゅうよう
0600,釣り,0,つり
0600,長女,0,ちょうじょ
0600,集中,0,しゅうちゅう
0600,電子,1,でんし
0600,食事,1,しょくじ
0700,一生,0,いっしょう
0700,一般,0,いっぱん
0700,両方,0,りょうほう
0700,中止,0,ちゅうし
0700,乗る,1,のる
0700,事実,0,じじつ
0700,二日,1,ふつか
0700,交通,0,こうつう
0700,人気,1,にんき
0700,代表,0,だいひょう
0700,以外,0,いがい
0700,会員,0,かいいん
0700,個人,0,こじん
0700,全体,0,ぜんたい
0700,全国,0,ぜんこく
0700,出かける,1,でかける
0700,判断,0,はんだん
0700,制度,0,せいど
0700,努力,0,どりょく
0700,効果,0,こうか
0700,半,1,はん
0700,同様,0,どうよう
0700,喫茶店,0,きっさてん
0700,国会,0,こっかい
0700,国民,0,こくみん
0700,地域,0,ちいき
0700,地球,0,ちきゅう
0700,報告,0,ほうこく
0700,大変,0,たいへん
0700,大統領,0,だいとうりょう
0700,天,0,てん
0700,太陽,0,たいよう
0700,姉妹,0,しまい
0700,州警察,0,しゅうけいさつ
0700,工事,0,こうじ
0700,工業,0,こうぎょう
0700,年代,0,ねんだい
0700,座る,1,すわる
0700,御日様,0,おにちさま
0700,御茶,1,おちゃ
0700,拾う,0,ひろう
0700,放送,0,ほうそう
0700,教師,0,きょうし
0700,時,1,とき
0700,最新,0,さいしん
0700,朝,1,あさ
0700,期待,0,きたい
0700,本人,0,ほんにん
0700,楽しみ,1,たのしみ
0700,水道,0,すいどう
0700,汚い,0,きたない
0700,決して,0,けっして
0700,決定,0,けってい
0700,活動,0,かつどう
0700,渡す,0,わたす
0700,火,1,ひ
0700,牛乳,1,ぎゅうにゅう
0700,物価,0,ぶっか
0700,物質,0,ぶっしつ
0700,状況,0,じょうきょう
0700,生きる,1,いきる
0700,生じる,0,しょうじる
0700,直接,0,ちょくせつ
0700,相談,0,そうだん
0700,確か,0,たしか
0700,終わり,0,おわり
0700,結婚式,0,けっこんしき
0700,絶対,0,ぜったい
0700,続ける,0,つづける
0700,線,0,せん
0700,美しい,1,うつくしい
0700,自分自身,0,じぶんじしん
0700,落ち込む,0,おちこむ
0700,表現,0,ひょうげん
0700,複雑,0,ふくざつ
0700,要求,0,ようきゅう
0700,見学,1,けんがく
0700,解決,0,かいけつ
0700,記事,0,きじ
0700,記録,0,きろく
0700,読み,1,よみ
0700,警察力,0,けいさつりょく
0700,警察官,0,けいさつかん
0700,警察犬,0,けいさついぬ
0700,警察署,0,けいさつしょ
0700,責任,0,せきにん
0700,起こる,1,おこる
0700,身長,0,しんちょう
0700,週,1,しゅう
0700,遊び,0,あそび
0700,都市,0,とし
0700,開発,0,かいはつ
0700,階段,0,かいだん
0700,電池,0,でんち
0700,青い,1,あおい
0700,青年,0,せいねん
0700,非常,0,ひじょう
0700,食品,0,しょくひん
0700,髪,0,かみ
0800,一万,1,いちまん
0800,一年間,1,いちねんかん
0800,一時,1,いちじ
0800,一緒に,1,いっしょに
0800,三日,1,みっか
0800,下車,0,げしゃ
0800,九つ,1,ここのつ
0800,事情,0,じじょう
0800,五日,1,いつか
0800,人間,0,にんげん
0800,企業,0,きぎょう
0800,伝える,0,つたえる
0800,住宅,0,じゅうたく
0800,住民,0,じゅうみん
0800,健康,0,けんこう
0800,優しい,0,やさしい
0800,優勝,0,ゆうしょう
0800,光,0,ひかり
0800,入る,1,いる
0800,公開,0,こうかい
0800,再び,0,ふたたび
0800,処理,0,しょり
0800,動き,0,うごき
0800,午前中,1,ごぜんちゅう
0800,協力,0,きょうりょく
0800,南北,0,なんぼく
0800,参考,0,さんこう
0800,名人,1,めいじん
0800,基本,0,きほん
0800,塩,0,しお
0800,増加,0,ぞうか
0800,壁,0,かべ
0800,変更,0,へんこう
0800,外国語,1,がいこくご
0800,大いに,0,おおいに
0800,存在,0,そんざい
0800,季節,0,きせつ
0800,学年,1,がくねん
0800,学習,1,がくしゅう
0800,守る,0,まもる
0800,完成,0,かんせい
0800,実験,0,じっけん
0800,寝る,1,ねる
0800,対象,0,たいしょう
0800,影響,0,えいきょう
0800,役割,0,やくわり
0800,後,0,のち
0800,後半,0,こうはん
0800,得意,0,とくい
0800,心理,0,しんり
0800,意識,0,いしき
0800,成功,0,せいこう
0800,成長,0,せいちょう
0800,手術,0,しゅじゅつ
0800,担当,0,たんとう
0800,招待,0,しょうたい
0800,数字,1,すうじ
0800,文法,0,ぶんぽう
0800,時半,1,じはん
0800,書く,1,かく
0800,最高,1,さいこう
0800,本物,0,ほんもの
0800,材料,0,ざいりょう
0800,東西,0,とうざい
0800,森,1,もり
0800,様子,0,ようす
0800,機械,0,きかい
0800,残る,0,のこる
0800,殺す,0,ころす
0800,池,0,いけ
0800,流れ,0,ながれ
0800,海岸,0,かいがん
0800,熱,0,ねつ
0800,熱い,0,あつい
0800,状態,0,じょうたい
0800,現代,0,げんだい
0800,現場,0,げんば
0800,現実,0,げんじつ
0800,理解,0,りかい
0800,発売,0,はつばい
0800,百万,1,ひゃくまん
0800,相当,0,そうとう
0800,示す,0,しめす
0800,私,1,わたし
0800,管理,0,かんり
0800,精神,0,せいしん
0800,終える,0,おえる
0800,経営,0,けいえい
0800,結果,0,けっか
0800,職業,0,しょくぎょう
0800,背,0,せ
0800,舞台,0,ぶたい
0800,血,0,ち
0800,言語,1,げんご
0800,許す,0,ゆるす
0800,販売,0,はんばい
0800,都合,0,つごう
0800,間,1,かん
0800,関連,0,かんれん
0800,限る,0,かぎる
0900,バス停,1,ばすてい
0900,一千,1,いっせん
0900,一言,0,ひとこと
0900,一部,0,いちぶ
0900,上り,0,のぼり
0900,中央,0,ちゅうおう
0900,九日,1,ここのか
0900,人,1,にん
0900,今週,1,こんしゅう
0900,体験,0,たいけん
0900,傾向,0,けいこう
0900,全員,0,ぜんいん
0900,六日,1,むいか
0900,共通,0,きょうつう
0900,出会う,0,であう
0900,出口,1,でぐち
0900,出張,0,しゅっちょう
0900,割合,0,わりあい
0900,医学,0,いがく
0900,半年,0,はんとし
0900,収入,0,しゅうにゅう
0900,合格,0,ごうかく
0900,合計,0,ごうけい
0900,同時に,0,どうじに
0900,営業,0,えいぎょう
0900,四日,1,よっか
0900,図,1,ず
0900,国際,0,こくさい
0900,基礎,0,きそ
0900,塾,0,じゅく
0900,夕食,0,ゆうしょく
0900,多い,1,おおい
0900,多少,0,たしょう
0900,契約,0,けいやく
0900,学会,0,がっかい
0900,学者,1,がくしゃ
0900,安定,0,あんてい
0900,実現,0,じつげん
0900,実行,0,じっこう
0900,崩れる,0,くずれる
0900,希望,0,きぼう
0900,帰り,1,かえり
0900,年齢,0,ねんれい
0900,建設,0,けんせつ
0900,忙しい,0,いそがしい
0900,急ぐ,0,いそぐ
0900,患者,0,かんじゃ
0900,感謝,0,かんしゃ
0900,成績,0,せいせき
0900,手伝う,0,てつだう
0900,拡大,0,かくだい
0900,指導,0,しどう
0900,教授,0,きょうじゅ
0900,数学,1,すうがく
0900,文明,0,ぶんめい
0900,未来,1,みらい
0900,本気,0,ほんき
0900,構成,0,こうせい
0900,権利,0,けんり
0900,正しい,1,ただしい
0900,残り,0,のこり
0900,殴る,0,なぐる
0900,気分が悪い,0,きぶんがわるい
0900,水,1,みず
0900,牛,1,うし
0900,特徴,0,とくちょう
0900,玄関,0,げんかん
0900,発生,0,はっせい
0900,発言,0,はつげん
0900,知識,0,ちしき
0900,移動,0,いどう
0900,競争,0,きょうそう
0900,組織,0,そしき
0900,置く,0,おく
0900,育てる,0,そだてる
0900,背中,0,せなか
0900,胸,0,むね
0900,興味,0,きょうみ
0900,色,1,しょく
0900,行き,0,いき
0900,西口,0,にしぐち
0900,西洋,0,せいよう
0900,見事,0,みごと
0900,調査,0,ちょうさ
0900,議論,0,ぎろん
0900,近所,0,きんじょ
0900,道具,0,どうぐ
0900,酒,1,さけ
0900,重大,0,じゅうだい
0900,長年,0,ながねん
0900,降りる,0,おりる
0900,電話をかける,0,でんわをかける
0900,面接,0,めんせつ
0900,食料,0,しょくりょう
0900,飲む,1,のむ
0900,馬,1,うま
0900,高まる,0,たかまる
0900,高校生,0,こうこうせい
0900,黄色,0,きいろ
0900,鼻,0,はな
1000,10時,1,10とき
1000,一家,0,いっか
1000,三千,1,さんぜん
1000,世代,0,せだい
1000,世話,0,せわ
1000,世間,0,せけん
1000,中国,1,ちゅうごく
1000,主要,0,しゅよう
1000,事業,0,じぎょう
1000,交換,0,こうかん
1000,人形,0,にんぎょう
1000,今夜,0,こんや
1000,休日,0,きゅうじつ
1000,住む,0,すむ
1000,何百,1,なんびゃく
1000,価格,0,かかく
1000,信頼,0,しんらい
1000,先日,0,せんじつ
1000,共同,0,きょうどう
1000,冷たい,1,つめたい
1000,制限,0,せいげん
1000,労働,0,ろうどう
1000,動かす,0,うごかす
1000,動物園,1,どうぶつえん
1000,医療,0,いりょう
1000,古代,0,こだい
1000,合わせる,0,あわせる
1000,同一,0,どういつ
1000,向かう,0,むかう
1000,咲く,0,さく
1000,回復,0,かいふく
1000,団体,0,だんたい
1000,困難,0,こんなん
1000,場面,0,ばめん
1000,夜,1,よる
1000,大丈夫,1,だいじょうぶ
1000,太い,1,ふとい
1000,失う,0,うしなう
1000,実施,0,じっし
1000,家賃,0,やちん
1000,帽子,1,ぼうし
1000,店員,1,てんいん
1000,思想,0,しそう
1000,意外,0,いがい
1000,感情,0,かんじょう
1000,感覚,0,かんかく
1000,手段,0,しゅだん
1000,掃除,0,そうじ
1000,提案,0,ていあん
1000,支配,0,しはい
1000,斜め,0,ななめ
1000,明確,0,めいかく
1000,普段,0,ふだん
1000,条件,0,じょうけん
1000,林,1,はやし
1000,検討,0,けんとう
1000,正式,0,せいしき
1000,死ぬ,0,しぬ
1000,泳ぐ,1,およぐ
1000,洋服,0,ようふく
1000,消費,0,しょうひ
1000,深い,0,ふかい
1000,湯,0,ゆ
1000,火山,1,かざん
1000,無事,0,ぶじ
1000,特急,0,とっきゅう
1000,生かす,0,いかす
1000,生命,0,せいめい
1000,留学,0,りゅうがく
1000,疑問,0,ぎもん
1000,監督,0,かんとく
1000,祖母,0,そぼ
1000,老人,0,ろうじん
1000,自動,0,じどう
1000,薄い,0,うすい
1000,薬,1,くすり
1000,行う,0,おこなう
1000,被害,0,ひがい
1000,規則,0,きそく
1000,計算,0,けいさん
1000,記念,0,きねん
1000,記者,0,きしゃ
1000,設計,0,せっけい
1000,評価,0,ひょうか
1000,豊か,0,ゆたか
1000,費用,0,ひよう
1000,貿易,0,ぼうえき
1000,資料,0,しりょう
1000,輸入,0,ゆにゅう
1000,辞書,0,じしょ
1000,農業,0,のうぎょう
1000,返す,0,かえす
1000,連続,0,れんぞく
1000,遅れる,0,おくれる
1000,道,1,みち
1000,適用,0,てきよう
1000,関心,0,かんしん
1000,靴下,0,くつした
1000,首都,0,しゅと
1100,この間,1,このかん
1100,に対,0,につい
1100,もう一度,1,もういちど
1100,一定,0,いってい
1100,一時間,1,いちじかん
1100,主張,0,しゅちょう
1100,予算,0,よさん
1100,事務,0,じむ
1100,交流,0,こうりゅう
1100,人類,0,じんるい
1100,他人,0,たにん
1100,似合う,0,にあう
1100,供給,0,きょうきゅう
1100,借金,0,しゃっきん
1100,六つ,1,むつ
1100,出席,0,しゅっせき
1100,出版,0,しゅっぱん
1100,列車,0,れっしゃ
1100,利益,0,りえき
1100,到着,0,とうちゃく
1100,前半,0,ぜんはん
1100,単位,0,たんい
1100,印象,0,いんしょう
1100,同僚,0,どうりょう
1100,否定,0,ひてい
1100,周囲,0,しゅうい
1100,周辺,0,しゅうへん
1100,命令,0,めいれい
1100,喜ぶ,0,よろこぶ
1100,地位,0,ちい
1100,地元,0,じもと
1100,始まり,0,はじまり
1100,委員,0,いいん
1100,姿,0,すがた
1100,嫌,0,いや
1100,宇宙,0,うちゅう
1100,宇宙人,0,うちゅうじん
1100,宇宙船,0,うちゅうせん
1100,宗教,0,しゅうきょう
1100,平均,0,へいきん
1100,年度,0,ねんど
1100,建築,0,けんちく
1100,弱い,1,よわい
1100,強化,0,きょうか
1100,成立,0,せいりつ
1100,抱える,0,かかえる
1100,指定,0,してい
1100,攻撃,0,こうげき
1100,日常,0,にちじょう
1100,月,1,がつ
1100,有効,0,ゆうこう
1100,服,0,ふく
1100,末,0,まつ
1100,植物,0,しょくぶつ
1100,構造,0,こうぞう
1100,死亡,0,しぼう
1100,洗う,1,あらう
1100,活用,0,かつよう
1100,消す,0,けす
1100,温度,0,おんど
1100,牛肉,1,ぎゅうにく
1100,独立,0,どくりつ
1100,現状,0,げんじょう
1100,用いる,0,もちいる
1100,画家,0,がか
1100,発展,0,はってん
1100,登場,0,とうじょう
1100,禁止,0,きんし
1100,秋,1,あき
1100,突然,0,とつぜん
1100,結局,0,けっきょく
1100,維持,0,いじ
1100,繰り返す,0,くりかえす
1100,肩,0,かた
1100,良い,0,よい
1100,行事,0,ぎょうじ
1100,表面,0,ひょうめん
1100,製品,0,せいひん
1100,訓練,0,くんれん
1100,記憶,0,きおく
1100,訪ねる,0,たずねる
1100,訪問,0,ほうもん
1100,許可,0,きょか
1100,話題,0,わだい
1100,詳しい,0,くわしい
1100,誕生,0,たんじょう
1100,追う,0,おう
1100,通信,0,つうしん
1100,適当,0,てきとう
1100,選択,0,せんたく
1100,野球,0,やきゅう
1100,金額,0,きんがく
1100,鍋,0,なべ
1100,開催,0,かいさい
1100,障害,0,しょうがい
1100,集団,0,しゅうだん
1100,雲,1,くも
1100,風景,0,ふうけい
1100,飾る,0,かざる
1100,高度,0,こうど
1200,一番,1,いちばん
1200,下がる,1,さがる
1200,不思議,0,ふしぎ
1200,不満,0,ふまん
1200,並ぶ,0,ならぶ
1200,以後,0,いご
1200,伝統,0,でんとう
1200,作者,0,さくしゃ
1200,価値,0,かち
1200,備える,0,そなえる
1200,円,1,えん
1200,分ける,0,わける
1200,分析,0,ぶんせき
1200,別れ,0,わかれ
1200,前年,0,ぜんねん
1200,単に,0,たんに
1200,単純,0,たんじゅん
1200,去年,1,きょねん
1200,味方,0,みかた
1200,地理,0,ちり
1200,型,0,かた
1200,大気,0,たいき
1200,奥,0,おく
1200,始めて,1,はじめて
1200,学問,0,がくもん
1200,容易,0,ようい
1200,少なくとも,0,すくなくとも
1200,就職,0,しゅうしょく
1200,屋根,0,やね
1200,巨大,0,きょだい
1200,差別,0,さべつ
1200,広げる,0,ひろげる
1200,広場,0,ひろば
1200,彼,1,かれ
1200,後者,0,こうしゃ
1200,怖い,0,こわい
1200,感じ,1,かんじ
1200,態度,0,たいど
1200,払う,0,はらう
1200,批判,0,ひはん
1200,提出,0,ていしゅつ
1200,改善,0,かいぜん
1200,是非,0,ぜひ
1200,晩,0,ばん
1200,果物,0,くだもの
1200,案内,0,あんない
1200,案内所,0,あんないじょ
1200,案内書,0,あんないしょ
1200,桜,0,さくら
1200,検査,0,けんさ
1200,業者,0,ぎょうしゃ
1200,楽しむ,0,たのしむ
1200,残念,0,ざんねん
1200,比較,0,ひかく
1200,水泳,0,すいえい
1200,洗濯,0,せんたく
1200,流す,0,ながす
1200,涙,0,なみだ
1200,演奏,0,えんそう
1200,焼く,0,やく
1200,父母,1,ふぼ
1200,特定,0,とくてい
1200,現象,0,げんしょう
1200,登る,0,のぼる
1200,知事,0,ちじ
1200,砂,0,すな
1200,確実,0,かくじつ
1200,笑い,0,わらい
1200,笑顔,0,えがお
1200,範囲,0,はんい
1200,終了,0,しゅうりょう
1200,翻訳,0,ほんやく
1200,背景,0,はいけい
1200,脱ぐ,0,ぬぐ
1200,自動車,0,じどうしゃ
1200,芸術,0,げいじゅつ
1200,苦手,0,にがて
1200,茶色,0,ちゃいろ
1200,表情,0,ひょうじょう
1200,製造,0,せいぞう
1200,褐色,0,かっしょく
1200,見出し,0,みだし
1200,見方,0,みかた
1200,解説,0,かいせつ
1200,設備,0,せつび
1200,語学,0,ごがく
1200,論文,0,ろんぶん
1200,議会,0,ぎかい
1200,財産,0,ざいさん
1200,輸出,0,ゆしゅつ
1200,近代,0,きんだい
1200,追加,0,ついか
1200,通常,0,つうじょう
1200,逮捕,0,たいほ
1200,運,0,うん
1200,適切,0,てきせつ
1200,重ねる,0,かさねる
1200,鉄道,0,てつどう
1200,鏡,0,かがみ
1200,限界,0,げんかい
1300,一切,0,いっさい
1300,一日,1,ついたち
1300,一種,0,いっしゅ
1300,不明,0,ふめい
1300,世の中,0,よのなか
1300,中身,0,なかみ
1300,事態,0,じたい
1300,人工,0,じんこう
1300,代わり,0,かわり
1300,体力,0,たいりょく
1300,体育,0,たいいく
1300,依頼,0,いらい
1300,保存,0,ほぞん
1300,信用,0,しんよう
1300,値段,0,ねだん
1300,入社,0,にゅうしゃ
1300,具合,0,ぐあい
1300,切手,0,きって
1300,受験,0,じゅけん
1300,味,0,あじ
1300,国土,0,こくど
1300,国立,0,こくりつ
1300,基準,0,きじゅん
1300,大使,0,たいし
1300,姿勢,0,しせい
1300,孫,0,まご
1300,安心,0,あんしん
1300,寒い,1,さむい
1300,展開,0,てんかい
1300,年中,1,ねんじゅう
1300,年月,0,としつき
1300,急速,0,きゅうそく
1300,息,0,いき
1300,慣れる,0,なれる
1300,憲法,0,けんぽう
1300,手続き,0,てつづき
1300,承認,0,しょうにん
1300,抵抗,0,ていこう
1300,撮影,0,さつえい
1300,操作,0,そうさ
1300,改正,0,かいせい
1300,整備,0,せいび
1300,文書,0,ぶんしょ
1300,断る,0,ことわる
1300,日中,0,にっちゅう
1300,昨日,1,きのう
1300,暮らし,0,くらし
1300,曜日,1,ようび
1300,望む,0,のぞむ
1300,来,1,らい
1300,格好,0,かっこう
1300,模様,0,もよう
1300,武器,0,ぶき
1300,民間,0,みんかん
1300,気温,0,きおん
1300,水分,0,すいぶん
1300,油,0,あぶら
1300,注,0,ちゅう
1300,流行,0,りゅうこう
1300,浴びる,0,あびる
1300,深刻,0,しんこく
1300,温泉,0,おんせん
1300,満足,0,まんぞく
1300,物理,0,ぶつり
1300,現地,0,げんち
1300,現金,0,げんきん
1300,留学生,0,りゅうがくせい
1300,痛み,0,いたみ
1300,盛ん,0,さかん
1300,神経,0,しんけい
1300,私立,0,しりつ
1300,結構,0,けっこう
1300,編集,0,へんしゅう
1300,罪,0,つみ
1300,自殺,0,じさつ
1300,表,0,おもて
1300,裁判,0,さいばん
1300,裏,0,うら
1300,複数,0,ふくすう
1300,親,0,おや
1300,親友,0,しんゆう
1300,観察,0,かんさつ
1300,読者,0,どくしゃ
1300,課題,0,かだい
1300,議員,0,ぎいん
1300,贈る,0,おくる
1300,踊り,0,おどり
1300,込む,0,こむ
1300,通学,0,つうがく
1300,通過,0,つうか
1300,速度,0,そくど
1300,進学,0,しんがく
1300,過程,0,かてい
1300,郵便局,0,ゆうびんきょく
1300,長期,0,ちょうき
1300,集まる,0,あつまる
1300,雰囲気,0,ふんいき
1300,面倒,0,めんどう
1300,食う,1,くう
1300,魅力,0,みりょく
1400,七日,1,なのか
1400,下げる,1,さげる
1400,下ろす,0,くだろす
1400,中心,0,ちゅうしん
1400,主婦,0,しゅふ
1400,久しぶり,0,ひさしぶり
1400,付き合う,0,つきあう
1400,会計,0,かいけい
1400,低下,0,ていか
1400,体制,0,たいせい
1400,作曲,0,さっきょく
1400,保証,0,ほしょう
1400,傷,0,きず
1400,元,0,もと
1400,先週,0,せんしゅう
1400,入場,0,にゅうじょう
1400,八つ,1,やつ
1400,八日,1,ようか
1400,動作,0,どうさ
1400,務める,0,つとめる
1400,匹,0,ひき
1400,台所,1,だいどころ
1400,吸収,0,きゅうしゅう
1400,呼吸,0,こきゅう
1400,喜び,0,よろこび
1400,回答,0,かいとう
1400,国境,0,こっきょう
1400,坂,0,さか
1400,増やす,0,ふやす
1400,夜中,0,よなか
1400,姉,0,あね
1400,安い,1,やすい
1400,広がる,1,ひろがる
1400,弁当,0,べんとう
1400,当たり,0,あたり
1400,当たる,0,あたる
1400,当日,0,とうじつ
1400,影,0,かげ
1400,急行,0,きゅうこう
1400,恋,0,こい
1400,想像,0,そうぞう
1400,感動,0,かんどう
1400,我々,0,われわれ
1400,才能,0,さいのう
1400,抑える,0,おさえる
1400,採用,0,さいよう
1400,援助,0,えんじょ
1400,支払う,0,しはらう
1400,支持,0,しじ
1400,整理,0,せいり
1400,方針,0,ほうしん
1400,施設,0,しせつ
1400,最終,0,さいしゅう
1400,本名,0,ほんみょう
1400,歓迎,0,かんげい
1400,正午,0,しょうご
1400,死体,0,したい
1400,汚れる,0,よごれる
1400,活躍,0,かつやく
1400,混乱,0,こんらん
1400,渡る,0,わたる
1400,爆発,0,ばくはつ
1400,猿,0,さる
1400,異常,0,いじょう
1400,疑う,0,うたがう
1400,症状,0,しょうじょう
1400,発明,0,はつめい
1400,発達,0,はったつ
1400,皿,1,さら
1400,直前,0,ちょくぜん
1400,直後,0,ちょくご
1400,瞬間,0,しゅんかん
1400,破る,0,やぶる
1400,祭り,0,まつり
1400,私達,1,わたしたち
1400,結ぶ,0,むすぶ
1400,緊張,0,きんちょう
1400,職員,0,しょくいん
1400,花火,1,はなび
1400,苦労,0,くろう
1400,見解,0,けんかい
1400,観客,0,かんきゃく
1400,解放,0,かいほう
1400,証明,0,しょうめい
1400,誤解,0,ごかい
1400,調子,0,ちょうし
1400,豊富,0,ほうふ
1400,資格,0,しかく
1400,運用,0,うんよう
1400,郊外,0,こうがい
1400,鉛筆,0,えんぴつ
1400,隣,0,となり
1400,離婚,0,りこん
1400,面白い,1,おもしろい
1400,面積,0,めんせき
1400,項目,0,こうもく
1400,風呂,1,ふろ
1400,風邪,0,かぜ
1400,飛ぶ,0,とぶ
1400,香り,0,かおり
1500,に関して,0,にかんして
1500,一方,0,いっぽう
1500,一致,0,いっち
1500,下手,1,へた
1500,下着,0,したぎ
1500,不幸,0,ふこう
1500,不正,0,ふせい
1500,与える,0,あたえる
1500,中年,0,ちゅうねん
1500,予想,0,よそう
1500,似る,0,にる
1500,信じる,0,しんじる
1500,修正,0,しゅうせい
1500,修理,0,しゅうり
1500,俳優,0,はいゆう
1500,倍,0,ばい
1500,停止,0,ていし
1500,偶然,0,ぐうぜん
1500,働き,0,はたらき
1500,全体的,0,ぜんたいてき
1500,公共,0,こうきょう
1500,内部,0,ないぶ
1500,出生,0,しゅっしょう
1500,刺激,0,しげき
1500,前後,0,ぜんご
1500,前者,0,ぜんしゃ
1500,加える,0,くわえる
1500,勝負,0,しょうぶ
1500,勢い,0,いきおい
1500,区,0,く
1500,区別,0,くべつ
1500,印刷,0,いんさつ
1500,回す,0,まわす
1500,地名,0,ちめい
1500,外部,0,がいぶ
1500,大幅,0,おおはば
1500,天国,0,てんごく
1500,奪う,0,うばう
1500,好き,1,すき
1500,定員,0,ていいん
1500,実力,0,じつりょく
1500,対立,0,たいりつ
1500,対策,0,たいさく
1500,屋上,0,おくじょう
1500,常識,0,じょうしき
1500,延長,0,えんちょう
1500,形式,0,けいしき
1500,心臓,0,しんぞう
1500,応援,0,おうえん
1500,恋人,0,こいびと
1500,扱う,0,あつかう
1500,描く,0,えがく
1500,提供,0,ていきょう
1500,新幹線,0,しんかんせん
1500,景気,0,けいき
1500,書店,0,しょてん
1500,有利,0,ゆうり
1500,板,0,いた
1500,正直,0,しょうじき
1500,正確,0,せいかく
1500,歩道,0,ほどう
1500,殺人,0,さつじん
1500,治療,0,ちりょう
1500,減少,0,げんしょう
1500,現実的,0,げんじつてき
1500,発電,0,はつでん
1500,登録,0,とうろく
1500,石油,0,せきゆ
1500,移す,0,うつす
1500,組む,0,くむ
1500,美人,0,びじん
1500,義務,0,ぎむ
1500,肌,0,はだ
1500,育つ,0,そだつ
1500,腹,0,はら
1500,著者,0,ちょしゃ
1500,装置,0,そうち
1500,規定,0,きてい
1500,解散,0,かいさん
1500,解釈,0,かいしゃく
1500,訳す,0,やくす
1500,課長,0,かちょう
1500,調整,0,ちょうせい
1500,講師,0,こうし
1500,講演,0,こうえん
1500,警官,0,けいかん
1500,貯金,0,ちょきん
1500,賛成,0,さんせい
1500,購入,0,こうにゅう
1500,返事,0,へんじ
1500,迫る,0,せまる
1500,通勤,0,つうきん
1500,通知,0,つうち
1500,遊ぶ,0,あそぶ
1500,達,0,とおる
1500,郵便,0,ゆうびん
1500,重視,0,じゅうし
1500,防止,0,ぼうし
1500,電力,0,でんりょく
1500,需要,0,じゅよう
1600,イタリア語,1,いたりあご
1600,一見,0,いっけん
1600,上,1,うえ
1600,世紀,0,せいき
1600,中世,0,ちゅうせい
1600,中間,0,ちゅうかん
1600,主体,0,しゅたい
1600,予防,0,よぼう
1600,互い,0,たがい
1600,五百円,1,ごひゃくえん
1600,交番,1,こうばん
1600,休み中,1,やすみちゅう
1600,会長,0,かいちょう
1600,体重,0,たいじゅう
1600,個人的,0,こじんてき
1600,働く,1,はたらく
1600,優秀,0,ゆうしゅう
1600,児童,0,じどう
1600,冷静,0,れいせい
1600,分類,0,ぶんるい
1600,切符,0,きっぷ
1600,刑事,0,けいじ
1600,列,0,れつ
1600,化学,0,かがく
1600,化粧,0,けしょう
1600,危機,0,きき
1600,厚い,0,あつい
1600,可,0,か
1600,哲学,0,てつがく
1600,回数,0,かいすう
1600,回転,0,かいてん
1600,囲む,0,かこむ
1600,図る,0,はかる
1600,図書,0,としょ
1600,変える,0,かえる
1600,外交,0,がいこう
1600,天皇,0,てんのう
1600,女優,0,じょゆう
1600,女性的,0,じょせいてき
1600,学部,0,がくぶ
1600,定期,0,ていき
1600,宿題,0,しゅくだい
1600,導入,0,どうにゅう
1600,小屋,0,こや
1600,帰ってくる,0,かえってくる
1600,帰る,1,かえる
1600,帰国,0,きこく
1600,常に,0,つねに
1600,平成,0,へいせい
1600,心,1,こころ
1600,愛情,0,あいじょう
1600,成人,0,せいじん
1600,成果,0,せいか
1600,投資,0,とうし
1600,捨てる,0,すてる
1600,損害,0,そんがい
1600,故障,0,こしょう
1600,方言,0,ほうげん
1600,来週,1,らいしゅう
1600,氏名,0,しめい
1600,気候,0,きこう
1600,水準,0,すいじゅん
1600,減る,0,へる
1600,滞在,0,たいざい
1600,熱心,0,ねっしん
1600,特殊,0,とくしゅ
1600,特色,0,とくしょく
1600,狂う,0,くるう
1600,独特,0,どくとく
1600,甘い,1,あまい
1600,男の人,1,おとこのにん
1600,相互,0,そうご
1600,真面目,0,まじめ
1600,知人,0,ちじん
1600,社員,0,しゃいん
1600,結論,0,けつろん
1600,継続,0,けいぞく
1600,習う,0,ならう
1600,航空,0,こうくう
1600,血液,0,けつえき
1600,街道,0,かいどう
1600,認識,0,にんしき
1600,読み終わる,0,よみおわる
1600,負担,0,ふたん
1600,資源,0,しげん
1600,資産,0,しさん
1600,資金,0,しきん
1600,農家,0,のうか
1600,近く,0,ちかく
1600,透明,0,とうめい
1600,通行,0,つうこう
1600,進歩,0,しんぽ
1600,部品,0,ぶひん
1600,都会,0,とかい
1600,金属,0,きんぞく
1600,門,1,もん
1600,非常に,0,ひじょうに
1600,順,0,じゅん
1600,頑張る,0,がんばる
1600,高速,0,こうそく
1700,丁寧,0,ていねい
1700,上昇,0,じょうしょう
1700,五百,1,ごひゃく
1700,亡くなる,1,なくなる
1700,人種,0,じんしゅ
1700,人類学,0,じんるいがく
1700,代理,0,だいり
1700,企画,0,きかく
1700,余裕,0,よゆう
1700,作成,0,さくせい
1700,作用,0,さよう
1700,候補,0,こうほ
1700,全身,0,ぜんしん
1700,公式,0,こうしき
1700,出演,0,しゅつえん
1700,分子,0,ぶんし
1700,劇場,0,げきじょう
1700,加工,0,かこう
1700,勇気,0,ゆうき
1700,半ば,0,なかば
1700,博物館,0,はくぶつかん
1700,原理,0,げんり
1700,去る,0,さる
1700,向上,0,こうじょう
1700,含む,0,ふくむ
1700,唯一,0,ゆいいつ
1700,商売,0,しょうばい
1700,地方,0,ちほう
1700,報道,0,ほうどう
1700,大きな,1,おおきな
1700,大小,1,だいしょう
1700,大戦,0,たいせん
1700,夫,0,おっと
1700,夫人,0,ふじん
1700,姓,0,せい
1700,娘,0,むすめ
1700,実績,0,じっせき
1700,対応,0,たいおう
1700,小学生,1,しょうがくせい
1700,市場,0,しじょう
1700,平日,0,へいじつ
1700,幸福,0,こうふく
1700,形成,0,けいせい
1700,御礼,0,おれい
1700,必死,0,ひっし
1700,忘れる,0,わすれる
1700,性能,0,せいのう
1700,性質,0,せいしつ
1700,意図,0,いと
1700,戻す,0,もどす
1700,捕まる,0,つかまる
1700,接続,0,せつぞく
1700,改革,0,かいかく
1700,数える,0,かぞえる
1700,普及,0,ふきゅう
1700,曲がる,0,まがる
1700,東洋,0,とうよう
1700,柔道,0,じゅうどう
1700,栄養,0,えいよう
1700,業界,0,ぎょうかい
1700,民族,0,みんぞく
1700,気を失う,0,きをうしなう
1700,永遠,0,えいえん
1700,注文,0,ちゅうもん
1700,海洋,0,かいよう
1700,演劇,0,えんげき
1700,激しい,0,はげしい
1700,火がつく,0,ひがつく
1700,珍しい,0,めずらしい
1700,産業,0,さんぎょう
1700,申請,0,しんせい
1700,畑,0,はたけ
1700,皮,0,かわ
1700,移転,0,いてん
1700,窓口,0,まどぐち
1700,競技,0,きょうぎ
1700,統一,0,とういつ
1700,考慮,0,こうりょ
1700,自信,0,じしん
1700,若い,0,わかい
1700,行政,0,ぎょうせい
1700,見送る,0,みおくる
1700,規制,0,きせい
1700,設置,0,せっち
1700,語る,0,かたる
1700,講義,0,こうぎ
1700,謝る,0,あやまる
1700,谷,0,たに
1700,負け,0,まけ
1700,貴重,0,きちょう
1700,資本,0,しほん
1700,賞,0,しょう
1700,赤ん坊,0,あかんぼう
1700,赤字,0,あかじ
1700,転ぶ,0,ころぶ
1700,迷惑,0,めいわく
1700,録音,0,ろくおん
1700,閉じる,0,とじる
1700,隠す,0,かくす
1700,首,0,くび
1800,一層,0,いっそう
1800,一瞬,0,いっしゅん
1800,下,0,した
1800,主に,0,おもに
1800,主義,0,しゅぎ
1800,二度と,0,にどと
1800,今朝,1,けさ
1800,何時間,1,なんじかん
1800,例外,0,れいがい
1800,信仰,0,しんこう
1800,先頭,0,せんとう
1800,共に,0,ともに
1800,別荘,0,べっそう
1800,制作,0,せいさく
1800,刺す,0,さす
1800,助かる,0,たすかる
1800,原則,0,げんそく
1800,同意,0,どうい
1800,吸う,0,すう
1800,周り,0,まわり
1800,商業,0,しょうぎょう
1800,問う,0,とう
1800,国内,0,こくない
1800,国籍,0,こくせき
1800,売買,0,ばいばい
1800,夜間,0,やかん
1800,大体,0,だいたい
1800,大勢,0,おおぜい
1800,奥さん,1,おくさん
1800,好む,0,このむ
1800,嫌い,0,きらい
1800,客,1,きゃく
1800,寄せる,0,よせる
1800,寄る,0,よる
1800,尊敬,0,そんけい
1800,平等,0,びょうどう
1800,年上,0,としうえ
1800,廊下,0,ろうか
1800,引用,0,いんよう
1800,引退,0,いんたい
1800,形,0,かたち
1800,往復,0,おうふく
1800,従来,0,じゅうらい
1800,思い,1,おもい
1800,恐怖,0,きょうふ
1800,悩む,0,なやむ
1800,悪い,0,わるい
1800,意思,0,いし
1800,手間,0,てま
1800,打つ,0,うつ
1800,投票,0,とうひょう
1800,捕虜,0,ほりょ
1800,政策,0,せいさく
1800,方,0,ほう
1800,日程,0,にってい
1800,易い,0,やすい
1800,景色,0,けしき
1800,最大,0,さいだい
1800,有力,0,ゆうりょく
1800,有料,0,ゆうりょう
1800,期限,0,きげん
1800,本社,0,ほんしゃ
1800,本部,0,ほんぶ
1800,桜の木,0,さくらのき
1800,棒,0,ぼう
1800,森林,0,しんりん
1800,欠席,0,けっせき
1800,死,0,し
1800,汚染,0,おせん
1800,湖,0,みずうみ
1800,燃える,0,もえる
1800,物事,0,ものごと
1800,生産,0,せいさん
1800,直ちに,0,ただちに
1800,直径,0,ちょっけい
1800,真ん中,0,まんなか
1800,磨く,0,みがく
1800,空中,0,くうちゅう
1800,立派,0,りっぱ
1800,組合,0,くみあい
1800,経由,0,けいゆ
1800,絞る,0,しぼる
1800,考え,1,かんがえ
1800,自宅,0,じたく
1800,衝突,0,しょうとつ
1800,製作,0,せいさく
1800,要素,0,ようそ
1800,規模,0,きぼ
1800,設定,0,せってい
1800,設立,0,せつりつ
1800,評判,0,ひょうばん
1800,議長,0,ぎちょう
1800,貧しい,0,まずしい
1800,身,0,み
1800,運営,0,うんえい
1800,違反,0,いはん
1800,都心,0,としん
1800,金融,0,きんゆう
1800,順番,0,じゅんばん
1800,駅前,0,えきまえ
1900,下る,0,くだる
1900,中古,0,ちゅうこ
1900,主役,0,しゅやく
1900,交渉,0,こうしょう
1900,付近,0,ふきん
1900,以内,0,いない
1900,休憩,0,きゅうけい
1900,何とか,0,なんとか
1900,保護,0,ほご
1900,個々,0,ここ
1900,偉大,0,いだい
1900,分かれる,0,わかれる
1900,前提,0,ぜんてい
1900,力,1,ちから
1900,加わる,0,くわわる
1900,助手,0,じょしゅ
1900,努める,0,つとめる
1900,勤務,0,きんむ
1900,単語,0,たんご
1900,博士,0,はかせ
1900,反映,0,はんえい
1900,叫ぶ,0,さけぶ
1900,合併,0,がっぺい
1900,団地,0,だんち
1900,地,0,ち
1900,塔,0,とう
1900,塗る,0,ぬる
1900,増大,0,ぞうだい
1900,変化,0,へんか
1900,外す,0,はずす
1900,大陸,0,たいりく
1900,天然,0,てんねん
1900,女の人,0,おんなのひと
1900,婦人,0,ふじん
1900,学,1,がく
1900,寄付,0,きふ
1900,就任,0,しゅうにん
1900,岩,0,いわ
1900,帰宅,0,きたく
1900,幅,0,はば
1900,弁護士,0,べんごし
1900,御元気で,0,おげんきで
1900,悲劇,0,ひげき
1900,所得,0,しょとく
1900,指,0,ゆび
1900,推進,0,すいしん
1900,救う,0,すくう
1900,数,0,かず
1900,新人,0,しんじん
1900,旅,0,たび
1900,昼食,0,ちゅうしょく
1900,時刻,0,じこく
1900,暴力,0,ぼうりょく
1900,有無,0,うむ
1900,服装,0,ふくそう
1900,枝,0,えだ
1900,比,0,ひ
1900,泣く,0,なく
1900,注射,0,ちゅうしゃ
1900,減らす,0,へらす
1900,測定,0,そくてい
1900,無視,0,むし
1900,片付ける,0,かたづける
1900,狙う,0,ねらう
1900,生み出す,0,うみだす
1900,用途,0,ようと
1900,留守番,0,るすばん
1900,登山,0,とざん
1900,目立つ,0,めだつ
1900,確保,0,かくほ
1900,確立,0,かくりつ
1900,章,0,しょう
1900,経過,0,けいか
1900,絵画,0,かいが
1900,英文,1,えいぶん
1900,行為,0,こうい
1900,要望,0,ようぼう
1900,覆う,0,おおう
1900,親切,0,しんせつ
1900,親子,0,おやこ
1900,診断,0,しんだん
1900,試す,0,ためす
1900,詳細,0,しょうさい
1900,説得,0,せっとく
1900,請求,0,せいきゅう
1900,貧乏,0,びんぼう
1900,貼る,0,はる
1900,距離,0,きょり
1900,軍隊,0,ぐんたい
1900,辞典,0,じてん
1900,進出,0,しんしゅつ
1900,過ごす,0,すごす
1900,達成,0,たっせい
1900,酸素,0,さんそ
1900,青春,0,せいしゅん
1900,頃,0,ごろ
1900,順調,0,じゅんちょう
1900,題名,0,だいめい
1900,飲み物,1,のみもの
1900,駅員,0,えきいん
2000,もう一つ,1,もうひとつ
2000,丸い,0,まるい
2000,主催,0,しゅさい
2000,乗せる,0,のせる
2000,事務所,0,じむしょ
2000,代金,0,だいきん
2000,伝わる,0,つたわる
2000,何で,0,なんで
2000,作文,0,さくぶん
2000,俺,1,おれ
2000,個性,0,こせい
2000,充実,0,じゅうじつ
2000,光る,0,ひかる
2000,八月,1,はちがつ
2000,公演,0,こうえん
2000,判決,0,はんけつ
2000,原料,0,げんりょう
2000,反応,0,はんのう
2000,反省,0,はんせい
2000,取材,0,しゅざい
2000,台,0,だい
2000,品物,0,しなもの
2000,商店,0,しょうてん
2000,問い,0,とい
2000,国外,0,こくがい
2000,墓,0,はか
2000,夏,1,なつ
2000,多分,0,たぶん
2000,学科,0,がっか
2000,宣伝,0,せんでん
2000,寂しい,0,さびしい
2000,崩壊,0,ほうかい
2000,平和,0,へいわ
2000,年生,1,ねんせい
2000,座席,0,ざせき
2000,強調,0,きょうちょう
2000,当然,0,とうぜん
2000,御飯,0,ごはん
2000,復活,0,ふっかつ
2000,怒り,0,いかり
2000,思わず,0,おもわず
2000,恋愛,0,れんあい
2000,感想,0,かんそう
2000,指摘,0,してき
2000,指示,0,しじ
2000,挑戦,0,ちょうせん
2000,接,0,せつ
2000,握る,0,にぎる
2000,撮る,0,とる
2000,支出,0,ししゅつ
2000,敬語,0,けいご
2000,方面,0,ほうめん
2000,晴れ,1,はれ
2000,書物,0,しょもつ
2000,月日,0,がっぴ
2000,本質,0,ほんしつ
2000,棄権,0,きけん
2000,橋,0,はし
2000,欠点,0,けってん
2000,正常,0,せいじょう
2000,歯,1,は
2000,気付く,0,きづく
2000,派遣,0,はけん
2000,消防,0,しょうぼう
2000,演説,0,えんぜつ
2000,点,1,てん
2000,狭い,0,せまい
2000,理論,0,りろん
2000,生物,0,せいぶつ
2000,発足,0,ほっそく
2000,白,1,しろ
2000,白人,0,はくじん
2000,皮膚,0,ひふ
2000,眠る,0,ねむる
2000,知り合う,0,しりあう
2000,砂漠,0,さばく
2000,竹,0,たけ
2000,納得,0,なっとく
2000,肉体,0,にくたい
2000,能力,0,のうりょく
2000,自己,0,じこ
2000,花見,0,はなみ
2000,若者,0,わかもの
2000,苦しい,0,くるしい
2000,要因,0,よういん
2000,視点,0,してん
2000,証拠,0,しょうこ
2000,詩人,0,しじん
2000,課,0,か
2000,週間,0,しゅうかん
2000,進行,0,しんこう
2000,邪魔,0,じゃま
2000,野,0,の
2000,鋭い,0,するどい
2000,閉まる,0,しまる
2000,開く,1,ひらく
2000,革命,0,かくめい
2000,飛び出す,0,とびだす
2000,高さ,1,たかさ
2000,高等,0,こうとう
2100,一応,0,いちおう
2100,上級,0,じょうきゅう
2100,下町,0,したまち
2100,乗客,0,じょうきゃく
2100,乾燥,0,かんそう
2100,予報,0,よほう
2100,仕組み,0,しくみ
2100,付属,0,ふぞく
2100,体,0,からだ
2100,何と,0,なんと
2100,作戦,0,さくせん
2100,側面,0,そくめん
2100,入力,0,にゅうりょく
2100,公立,0,こうりつ
2100,再生,0,さいせい
2100,冗談,0,じょうだん
2100,出会い,0,であい
2100,出産,0,しゅっさん
2100,劇,0,げき
2100,動く,0,うごく
2100,勝利,0,しょうり
2100,北東,0,ほくとう
2100,区分,0,くぶん
2100,協議,0,きょうぎ
2100,南西,1,なんせい
2100,単なる,0,たんなる
2100,卵,1,たまご
2100,叔父,0,おじ
2100,合同,0,ごうどう
2100,合意,0,ごうい
2100,地上,0,ちじょう
2100,地点,0,ちてん
2100,境,0,さかい
2100,奨学金,0,しょうがくきん
2100,専攻,0,せんこう
2100,島,1,しま
2100,席,0,せき
2100,廃止,0,はいし
2100,強力,0,きょうりょく
2100,急激,0,きゅうげき
2100,恐ろしい,0,おそろしい
2100,悪化,0,あっか
2100,意志,0,いし
2100,慎重,0,しんちょう
2100,所属,0,しょぞく
2100,手伝い,0,てつだい
2100,投げる,0,なげる
2100,捜査,0,そうさ
2100,措置,0,そち
2100,政党,0,せいとう
2100,映像,0,えいぞう
2100,本日,0,ほんじつ
2100,来日,0,らいにち
2100,格好いい,0,かっこういい
2100,棚,0,たな
2100,権力,0,けんりょく
2100,次第,0,しだい
2100,決意,0,けつい
2100,演出,0,えんしゅつ
2100,無駄,0,むだ
2100,煙,0,けむり
2100,独身,0,どくしん
2100,獲得,0,かくとく
2100,王様,0,おうさま
2100,看板,0,かんばん
2100,着く,0,つく
2100,石,1,いし
2100,破壊,0,はかい
2100,禁煙,0,きんえん
2100,科目,0,かもく
2100,移る,0,うつる
2100,素敵,0,すてき
2100,細い,0,こまい
2100,総合,0,そうごう
2100,線路,0,せんろ
2100,締める,0,しめる
2100,胃,0,い
2100,能,0,のう
2100,自主,0,じしゅ
2100,自慢,0,じまん
2100,蚊,0,か
2100,街角,0,まちかど
2100,覚悟,0,かくご
2100,警告,0,けいこく
2100,負う,0,おう
2100,財布,0,さいふ
2100,身分,0,みぶん
2100,輸送,0,ゆそう
2100,農民,0,のうみん
2100,退職,0,たいしょく
2100,遺跡,0,いせき
2100,針,0,はり
2100,銀,0,ぎん
2100,長さ,1,ながさ
2100,開放,0,かいほう
2100,防ぐ,0,ふせぐ
2100,電報,0,でんぽう
2100,頼る,0,たよる
2100,願う,0,ねがう
2100,食堂,0,しょくどう
2200,上京,0,じょうきょう
2200,上司,0,じょうし
2200,予備,0,よび
2200,予習,0,よしゅう
2200,以降,0,いこう
2200,任務,0,にんむ
2200,例,0,れい
2200,先行,0,せんこう
2200,公表,0,こうひょう
2200,冒険,0,ぼうけん
2200,冷房,0,れいぼう
2200,処分,0,しょぶん
2200,削減,0,さくげん
2200,前進,0,ぜんしん
2200,加入,0,かにゅう
2200,効率,0,こうりつ
2200,勢力,0,せいりょく
2200,北西,0,ほくせい
2200,区域,0,くいき
2200,南東,0,なんとう
2200,友情,0,ゆうじょう
2200,反発,0,はんぱつ
2200,収穫,0,しゅうかく
2200,右手,1,みぎて
2200,司会,0,しかい
2200,名称,0,めいしょう
2200,四季,0,しき
2200,固定,0,こてい
2200,国連,0,こくれん
2200,基づく,0,もとづく
2200,基地,0,きち
2200,夜明け,0,よあけ
2200,大国,0,たいこく
2200,天下,0,てんか
2200,天井,0,てんじょう
2200,天候,0,てんこう
2200,嫌う,0,きらう
2200,学長,0,がくちょう
2200,定める,0,さだめる
2200,尋ねる,0,たずねる
2200,年金,0,ねんきん
2200,幼児,0,ようじ
2200,役所,0,やくしょ
2200,復習,0,ふくしゅう
2200,心身,0,しんしん
2200,意義,0,いぎ
2200,愛,0,あい
2200,所有,0,しょゆう
2200,手袋,0,てぶくろ
2200,改める,0,あらためる
2200,改造,0,かいぞう
2200,日の出,0,ひので
2200,映る,0,うつる
2200,昼休み,0,ひるやすみ
2200,暑い,0,あつい
2200,書道,0,しょどう
2200,有,0,あり
2200,本当に,0,ほんとうに
2200,東北,0,とうほく
2200,株式,0,かぶしき
2200,標準,0,ひょうじゅん
2200,残業,0,ざんぎょう
2200,民主,0,みんしゅ
2200,法則,0,ほうそく
2200,流通,0,りゅうつう
2200,演技,0,えんぎ
2200,濃い,0,こい
2200,焦点,0,しょうてん
2200,犠牲,0,ぎせい
2200,生まれ,0,うまれ
2200,用語,0,ようご
2200,真実,0,しんじつ
2200,確定,0,かくてい
2200,福祉,0,ふくし
2200,穏やか,0,おだやか
2200,腕,0,うで
2200,舌,0,した
2200,葉,0,は
2200,行列,0,ぎょうれつ
2200,衛星,0,えいせい
2200,見通し,0,みとおし
2200,観測,0,かんそく
2200,角度,0,かくど
2200,記述,0,きじゅつ
2200,話し合う,0,はなしあう
2200,謎,0,なぞ
2200,財政,0,ざいせい
2200,辺,0,へん
2200,辺り,0,あたり
2200,退院,0,たいいん
2200,運命,0,うんめい
2200,都,0,みやこ
2200,配達,0,はいたつ
2200,限定,0,げんてい
2200,集まり,0,あつまり
2200,集合,0,しゅうごう
2200,雇用,0,こよう
2200,風,0,かぜ
2200,駐車,0,ちゅうしゃ
2200,高める,0,たかめる
2300,一昨年,0,いっさくねん
2300,丈夫,1,じょうぶ
2300,世,0,よ
2300,争い,0,あらそい
2300,人々,1,ひとびと
2300,人数,0,にんずう
2300,休業,0,きゅうぎょう
2300,伝説,0,でんせつ
2300,倉庫,0,そうこ
2300,僕,0,ぼく
2300,先,0,さき
2300,先に,0,さきに
2300,先端,0,せんたん
2300,入手,0,にゅうしゅ
2300,写す,0,うつす
2300,分解,0,ぶんかい
2300,制定,0,せいてい
2300,削除,0,さくじょ
2300,前回,0,ぜんかい
2300,前日,0,ぜんじつ
2300,割る,0,わる
2300,動向,0,どうこう
2300,医師,0,いし
2300,収集,0,しゅうしゅう
2300,商人,0,しょうにん
2300,国道,0,こくどう
2300,地区,0,ちく
2300,地獄,0,じごく
2300,外科,0,げか
2300,夫妻,0,ふさい
2300,失業,0,しつぎょう
2300,女王,0,じょおう
2300,子孫,0,しそん
2300,学期,0,がっき
2300,実用,0,じつよう
2300,寺,0,てら
2300,寿命,0,じゅみょう
2300,専門,0,せんもん
2300,工学,1,こうがく
2300,市内,0,しない
2300,布団,0,ふとん
2300,延期,0,えんき
2300,建つ,0,たつ
2300,徹底,0,てってい
2300,応じる,0,おうじる
2300,応用,0,おうよう
2300,恐れ,0,おそれ
2300,情熱,0,じょうねつ
2300,我慢,0,がまん
2300,政権,0,せいけん
2300,教員,0,きょういん
2300,日々,0,ひび
2300,日光,0,にっこう
2300,星,1,ほし
2300,暇,0,ひま
2300,暮らす,0,くらす
2300,梅,0,うめ
2300,概念,0,がいねん
2300,横断,0,おうだん
2300,泉,0,いずみ
2300,活発,0,かっぱつ
2300,港,0,みなと
2300,湾,0,わん
2300,満たす,0,みたす
2300,火災,0,かさい
2300,災害,0,さいがい
2300,燃料,0,ねんりょう
2300,用,0,よう
2300,発車,0,はっしゃ
2300,真っ赤,0,まっか
2300,矛盾,0,むじゅん
2300,知り合い,0,しりあい
2300,確率,0,かくりつ
2300,神,0,かみ
2300,積む,0,つむ
2300,筆,0,ふで
2300,粉,0,こな
2300,純粋,0,じゅんすい
2300,素直,0,すなお
2300,統合,0,とうごう
2300,統計,0,とうけい
2300,縮小,0,しゅくしょう
2300,署名,0,しょめい
2300,臨時,0,りんじ
2300,芝居,0,しばい
2300,草,0,くさ
2300,要請,0,ようせい
2300,親戚,0,しんせき
2300,角,0,かく
2300,試み,0,こころみ
2300,誤り,0,あやまり
2300,質,0,しつ
2300,酢,0,す
2300,重量,0,じゅうりょう
2300,開会,0,かいかい
2300,集会,0,しゅうかい
2300,預ける,0,あずける
2300,領域,0,りょういき
2300,題,0,だい
2300,飛ばす,0,とばす
2400,上がり,0,あがり
2400,上着,0,うわぎ
2400,不利,0,ふり
2400,交際,0,こうさい
2400,仲間,0,なかま
2400,保健,0,ほけん
2400,優先,0,ゆうせん
2400,光景,0,こうけい
2400,写る,0,うつる
2400,出品,0,しゅっぴん
2400,刀,1,かたな
2400,参る,0,まいる
2400,及ぶ,0,およぶ
2400,収める,0,おさめる
2400,向き,0,むき
2400,品質,0,ひんしつ
2400,回,0,かい
2400,土木,0,どぼく
2400,圧力,0,あつりょく
2400,地帯,0,ちたい
2400,売店,0,ばいてん
2400,多数,0,たすう
2400,多様,0,たよう
2400,大きさ,1,おおきさ
2400,大型,0,おおがた
2400,大工,0,だいく
2400,大正,0,たいしょう
2400,太る,0,ふとる
2400,婚約,0,こんやく
2400,嫁,0,よめ
2400,定年,0,ていねん
2400,定義,0,ていぎ
2400,実に,0,じつに
2400,平野,0,へいや
2400,幹部,0,かんぶ
2400,引く,1,ひく
2400,強盗,0,ごうとう
2400,当初,0,とうしょ
2400,役目,0,やくめ
2400,役者,0,やくしゃ
2400,得る,0,える
2400,御菓子,0,おかし
2400,思考,0,しこう
2400,成分,0,せいぶん
2400,戦後,0,せんご
2400,手入れ,0,ていれ
2400,手前,0,てまえ
2400,拒否,0,きょひ
2400,指揮,0,しき
2400,教え,1,おしえ
2400,文,1,ぶん
2400,新鮮,0,しんせん
2400,旗,0,はた
2400,日付,0,ひづけ
2400,明治,0,めいじ
2400,昭和,0,しょうわ
2400,朝日,1,あさひ
2400,本体,0,ほんたい
2400,本国,0,ほんごく
2400,条約,0,じょうやく
2400,松,0,まつ
2400,椅子,0,いす
2400,機構,0,きこう
2400,毎晩,1,まいばん
2400,涼しい,0,すずしい
2400,渋滞,0,じゅうたい
2400,王子,0,おうじ
2400,理科,0,りか
2400,生る,0,うまる
2400,生存,0,せいぞん
2400,田舎,0,いなか
2400,男女,0,だんじょ
2400,異なる,0,ことなる
2400,睡眠,0,すいみん
2400,知的,0,ちてき
2400,硬い,0,かたい
2400,管,0,かん
2400,粒,0,つぶ
2400,結成,0,けっせい
2400,続く,0,つづく
2400,美術,0,びじゅつ
2400,肯定,0,こうてい
2400,腰,0,こし
2400,膝,0,ひざ
2400,要,0,よう
2400,貨物,0,かもつ
2400,蹴る,0,ける
2400,連合,0,れんごう
2400,進む,0,すすむ
2400,道徳,0,どうとく
2400,配置,0,はいち
2400,鍵,0,かぎ
2400,降る,0,ふる
2400,隅,0,すみ
2400,非難,0,ひなん
2400,頂上,0,ちょうじょう
2400,顔,0,かお
2400,高価,0,こうか
2400,高級,0,こうきゅう
2400,鳴る,1,なる
2500,不可,0,ふか
2500,不自由,0,ふじゆう
2500,主題,0,しゅだい
2500,乗車,0,じょうしゃ
2500,事前,0,じぜん
2500,会見,0,かいけん
2500,伺う,0,うかがう
2500,停車,0,ていしゃ
2500,全然,0,ぜんぜん
2500,全般,0,ぜんぱん
2500,典型,0,てんけい
2500,再会,0,さいかい
2500,出来事,0,できごと
2500,分離,0,ぶんり
2500,制服,0,せいふく
2500,半島,0,はんしま
2500,参照,0,さんしょう
2500,双子,0,ふたご
2500,回収,0,かいしゅう
2500,境界,0,きょうかい
2500,大使館,0,たいしかん
2500,奇妙,0,きみょう
2500,娯楽,0,ごらく
2500,宝石,0,ほうせき
2500,実態,0,じったい
2500,家屋,0,かおく
2500,審議,0,しんぎ
2500,将棋,0,しょうぎ
2500,小鳥,0,ことり
2500,嵐,0,あらし
2500,工作,0,こうさく
2500,差,0,さ
2500,年下,0,としした
2500,広さ,0,ひろさ
2500,広まる,1,ひろまる
2500,引っ張る,0,ひっぱる
2500,強制,0,きょうせい
2500,当選,0,とうせん
2500,応募,0,おうぼ
2500,性別,0,せいべつ
2500,悪魔,0,あくま
2500,批評,0,ひひょう
2500,掲載,0,けいさい
2500,携帯,0,けいたい
2500,支援,0,しえん
2500,改めて,0,あらためて
2500,改良,0,かいりょう
2500,救助,0,きゅうじょ
2500,昨夜,0,さくや
2500,曇り,0,くもり
2500,根拠,0,こんきょ
2500,業績,0,ぎょうせき
2500,機関,0,きかん
2500,死者,0,ししゃ
2500,段階,0,だんかい
2500,比率,0,ひりつ
2500,毛布,0,もうふ
2500,水中,1,すいちゅう
2500,永久,0,えいきゅう
2500,決勝,0,けっしょう
2500,済む,0,すむ
2500,測る,0,はかる
2500,熱帯,0,ねったい
2500,特集,0,とくしゅう
2500,独自,0,どくじ
2500,発想,0,はっそう
2500,目指す,0,めざす
2500,目標,0,もくひょう
2500,眠い,0,ねむい
2500,知恵,0,ちえ
2500,短期,0,たんき
2500,祝日,0,しゅくじつ
2500,空き,0,あき
2500,組,0,くみ
2500,経る,0,へる
2500,職人,0,しょくにん
2500,職場,0,しょくば
2500,育児,0,いくじ
2500,自治,0,じち
2500,苦痛,0,くつう
2500,表紙,0,ひょうし
2500,裸,0,はだか
2500,襲う,0,おそう
2500,見直す,0,みなおす
2500,記入,0,きにゅう
2500,課程,0,かてい
2500,論理,0,ろんり
2500,貢献,0,こうけん
2500,贈り物,0,おくりもの
2500,赤,1,あか
2500,運送,0,うんそう
2500,部門,0,ぶもん
2500,配る,0,くばる
2500,金銭,0,きんせん
2500,関西,0,かんさい
2500,際,0,きわ
2500,飼う,0,かう
2500,騒ぐ,0,さわぐ
2500,髪の毛,0,かみのけ
2500,鬼,0,おに
2600,一行,0,いちぎょう
2600,九月,1,くがつ
2600,今晩,0,こんばん
2600,休暇,0,きゅうか
2600,住居,0,じゅうきょ
2600,体系,0,たいけい
2600,何しろ,0,なにしろ
2600,作,0,さく
2600,促進,0,そくしん
2600,儀式,0,ぎしき
2600,入り,0,いり
2600,兵士,0,へいし
2600,具体的,0,ぐたいてき
2600,内側,0,うちがわ
2600,判定,0,はんてい
2600,別々,0,べつべつ
2600,券,0,けん
2600,力強い,0,ちからづよい
2600,十日,1,とうか
2600,名物,1,めいぶつ
2600,命,0,いのち
2600,国名,0,こくめい
2600,基盤,0,きばん
2600,夕刊,0,ゆうかん
2600,大げさ,0,おおげさ
2600,大抵,0,たいてい
2600,大雨,0,おおあめ
2600,妊娠,0,にんしん
2600,妻,0,つま
2600,宝,0,たから
2600,宣言,0,せんげん
2600,容器,0,ようき
2600,対話,0,たいわ
2600,専用,0,せんよう
2600,小雨,0,こさめ
2600,展示,0,てんじ
2600,岸,0,きし
2600,巣,0,す
2600,市役所,0,しやくしょ
2600,幸い,0,さいわい
2600,当たり前,0,あたりまえ
2600,御店,1,おみせ
2600,恐竜,0,きょうりゅう
2600,意欲,0,いよく
2600,感じる,1,かんじる
2600,技師,0,ぎし
2600,接近,0,せっきん
2600,推定,0,すいてい
2600,損,0,そん
2600,支払い,0,しはらい
2600,暖房,0,だんぼう
2600,月末,1,げつまつ
2600,本文,1,ほんぶん
2600,東京,1,とうきょう
2600,枠,0,わく
2600,栽培,0,さいばい
2600,業務,0,ぎょうむ
2600,権限,0,けんげん
2600,毒,0,どく
2600,毛,1,け
2600,汽車,0,きしゃ
2600,派手,0,はで
2600,消化,0,しょうか
2600,深夜,0,しんや
2600,温暖,0,おんだん
2600,無限,0,むげん
2600,照明,0,しょうめい
2600,申し上げる,0,もうしあげる
2600,目安,0,めやす
2600,相変わらず,0,あいかわらず
2600,相撲,0,すもう
2600,真理,0,しんり
2600,石炭,0,せきたん
2600,穴,0,あな
2600,竜,0,りゅう
2600,系統,0,けいとう
2600,素材,0,そざい
2600,経つ,0,へつ
2600,経費,0,けいひ
2600,続き,0,つづき
2600,編む,0,あむ
2600,翌年,0,よくねん
2600,芽,0,め
2600,若干,0,じゃっかん
2600,行,0,ぎょう
2600,補助,0,ほじょ
2600,言い方,0,いいかた
2600,該当,0,がいとう
2600,論争,0,ろんそう
2600,象徴,0,しょうちょう
2600,豪華,0,ごうか
2600,軍事,0,ぐんじ
2600,通訳,0,つうやく
2600,週末,1,しゅうまつ
2600,運賃,0,うんちん
2600,都内,0,とない
2600,開ける,0,ひらける
2600,霧,0,きり
2600,食,1,しょく
2600,飯,0,めし
2700,ヶ,0,ゖ
2700,一流,0,いちりゅう
2700,三角,0,さんかく
2700,両手,0,りょうて
2700,交代,0,こうたい
2700,人事,0,じんじ
2700,人材,0,じんざい
2700,人格,0,じんかく
2700,人民,0,じんみん
2700,何より,0,なにより
2700,倒産,0,とうさん
2700,全て,0,すべて
2700,初期,0,しょき
2700,匂い,0,におい
2700,十一月,1,じゅういちがつ
2700,十二月,1,じゅうにがつ
2700,十月,1,じゅうがつ
2700,危ない,0,あぶない
2700,取引,0,とりひき
2700,受付,0,うけつけ
2700,名字,0,みょうじ
2700,在学,0,ざいがく
2700,報酬,0,ほうしゅう
2700,塊,0,かい
2700,大臣,0,だいじん
2700,奥様,0,おくさま
2700,好み,0,このみ
2700,妙,0,みょう
2700,学力,0,がくりょく
2700,守備,0,しゅび
2700,尊重,0,そんちょう
2700,小川,0,おがわ
2700,巡る,0,めぐる
2700,差す,0,さす
2700,引き出し,0,ひきだし
2700,役,0,やく
2700,思い出す,0,おもいだす
2700,意向,0,いこう
2700,成り立つ,0,なりたつ
2700,戦う,0,たたかう
2700,戸,0,こ
2700,所,0,ところ
2700,折る,0,おる
2700,撃つ,0,うつ
2700,改札,0,かいさつ
2700,明かり,0,あかり
2700,昨年,0,さくねん
2700,果たして,0,はたして
2700,構想,0,こうそう
2700,様々,0,さまざま
2700,止まる,0,とまる
2700,止まれ,0,とまれ
2700,正義,0,せいぎ
2700,汗,0,あせ
2700,汗を掻く,0,あせをかく
2700,治る,0,なおる
2700,波,0,なみ
2700,漁業,0,ぎょぎょう
2700,無駄遣い,0,むだづかい
2700,牧場,0,ぼくじょう
2700,瓶,0,かめ
2700,生地,0,きじ
2700,産む,0,うむ
2700,発,0,はつ
2700,白書,0,はくしょ
2700,真っ白,0,まっしろ
2700,真剣,0,しんけん
2700,空,0,そら
2700,筋,0,すじ
2700,筒,0,つつ
2700,箇,0,か
2700,糸,0,いと
2700,紅葉,0,こうよう
2700,細胞,0,さいぼう
2700,緊急,0,きんきゅう
2700,締め切り,0,しめきり
2700,缶詰,0,かんづめ
2700,羽根,0,はね
2700,耐える,0,たえる
2700,至る,0,いたる
2700,裏切る,0,うらぎる
2700,見つめる,0,みつめる
2700,親しい,0,したしい
2700,解除,0,かいじょ
2700,記号,0,きごう
2700,誇り,0,ほこり
2700,語,1,ご
2700,足元,0,あしもと
2700,車両,0,しゃりょう
2700,農村,0,のうそん
2700,逆,0,ぎゃく
2700,遅れ,0,おくれ
2700,重力,0,じゅうりょく
2700,重点,0,じゅうてん
2700,釣る,0,つる
2700,防衛,0,ぼうえい
2700,雌,0,めす
2700,電波,0,でんぱ
2700,駐車禁止,0,ちゅうしゃきんし
2700,骨,0,ほね
2800,一ヶ月,1,いっかげつ
2800,一員,0,いちいん
2800,上空,0,じょうくう
2800,不況,0,ふきょう
2800,両側,0,りょうがわ
2800,予測,0,よそく
2800,交付,0,こうふ
2800,会合,0,かいごう
2800,会館,0,かいかん
2800,俳句,0,はいく
2800,入国,0,にゅうこく
2800,全く,0,まったく
2800,公害,0,こうがい
2800,公正,0,こうせい
2800,六月,1,ろくがつ
2800,兵器,0,へいき
2800,内科,0,ないか
2800,分布,0,ぶんぷ
2800,南極,0,なんきょく
2800,印刷物,0,いんさつぶつ
2800,参議院,0,さんぎいん
2800,古典,0,こてん
2800,同士,0,どうし
2800,名作,0,めいさく
2800,名所,0,めいしょ
2800,味わう,0,あじわう
2800,四月,1,しがつ
2800,地形,0,ちけい
2800,変動,0,へんどう
2800,外側,0,そとがわ
2800,大木,0,たいぼく
2800,大量,0,たいりょう
2800,実習,0,じっしゅう
2800,宿泊,0,しゅくはく
2800,審判,0,しんぱん
2800,小学,0,しょうがく
2800,工夫,0,くふう
2800,底,0,そこ
2800,感染,0,かんせん
2800,手元,0,てもと
2800,技,0,わざ
2800,拡張,0,かくちょう
2800,挨拶,0,あいさつ
2800,接触,0,せっしょく
2800,握手,0,あくしゅ
2800,支給,0,しきゅう
2800,敷地,0,しきち
2800,文献,0,ぶんけん
2800,方式,0,ほうしき
2800,暮れ,0,くれ
2800,曲,0,きょく
2800,最悪,0,さいあく
2800,未定,0,みてい
2800,本店,0,ほんてん
2800,校舎,0,こうしゃ
2800,極端,0,きょくたん
2800,次々,0,つぎつぎ
2800,武士,0,ぶし
2800,水田,0,すいでん
2800,決心,0,けっしん
2800,決断,0,けつだん
2800,浅い,0,あさい
2800,海上,0,かいじょう
2800,海峡,0,かいきょう
2800,深める,0,ふかめる
2800,無人,0,むじん
2800,無線,0,むせん
2800,特有,0,とくゆう
2800,生える,0,はえる
2800,産地,0,さんち
2800,用事,0,ようじ
2800,直線,0,ちょくせん
2800,相続,0,そうぞく
2800,相違,0,そうい
2800,県庁,0,けんちょう
2800,知能,0,ちのう
2800,祈り,0,いのり
2800,神話,0,しんわ
2800,細かい,0,こまかい
2800,総会,0,そうかい
2800,繊維,0,せんい
2800,群れ,0,むれ
2800,血管,0,けっかん
2800,衛生,0,えいせい
2800,衝撃,0,しょうげき
2800,見物,0,けんぶつ
2800,解答,0,かいとう
2800,詰まる,0,つまる
2800,講堂,0,こうどう
2800,豚肉,0,ぶたにく
2800,身近,0,みじか
2800,車庫,0,しゃこ
2800,軸,0,じく
2800,近畿,0,きんき
2800,逃げる,0,にげる
2800,進化,0,しんか
2800,限度,0,げんど
2800,食卓,0,しょくたく
2800,食物,0,たべもの
2800,骨折,0,こっせつ
2900,世帯,0,せたい
2900,主人,0,しゅじん
2900,主演,0,しゅえん
2900,今まで,0,いままで
2900,仕様,0,しよう
2900,伸ばす,0,のばす
2900,何も,0,なにも
2900,保守,0,ほしゅ
2900,先祖,0,せんぞ
2900,全集,0,ぜんしゅう
2900,円高,0,えんだか
2900,出力,0,しゅつりょく
2900,刑,0,けい
2900,割引券,0,わりびきけん
2900,効く,0,きく
2900,効力,0,こうりょく
2900,動力,0,どうりょく
2900,動員,0,どういん
2900,原作,0,げんさく
2900,原稿,0,げんこう
2900,合成,0,ごうせい
2900,同居,0,どうきょ
2900,吹く,0,ふく
2900,命じる,0,めいじる
2900,国産,0,こくさん
2900,地味,0,じみ
2900,地面,0,じめん
2900,天体,0,てんたい
2900,好調,0,こうちょう
2900,孤独,0,こどく
2900,学歴,0,がくれき
2900,実感,0,じっかん
2900,実践,0,じっせん
2900,寝袋,0,ねぶくろ
2900,寮,0,りょう
2900,寺院,0,じいん
2900,対抗,0,たいこう
2900,左側,0,ひだりがわ
2900,年末,0,ねんまつ
2900,後期,0,こうき
2900,御,0,お
2900,御正月,0,おしょうがつ
2900,手帳,0,てちょう
2900,手足,0,てあし
2900,折,0,おり
2900,持ち上げる,0,もちあげる
2900,方々,0,かたがた
2900,旅客,0,りょきゃく
2900,書籍,0,しょせき
2900,本屋,0,ほんや
2900,本書,0,ほんしょ
2900,柔軟,0,じゅうなん
2900,構う,0,かまう
2900,正解,0,せいかい
2900,水素,0,すいそ
2900,注ぐ,0,そそぐ
2900,漬ける,0,つける
2900,点数,0,てんすう
2900,煮る,0,にる
2900,物資,0,ぶっし
2900,狙い,0,ねらい
2900,理事,0,りじ
2900,生涯,0,しょうがい
2900,画像,0,がぞう
2900,畳,0,たたみ
2900,直通,0,ちょくつう
2900,看護,0,かんご
2900,真相,0,しんそう
2900,研究所,0,けんきゅうしょ
2900,破産,0,はさん
2900,秩序,0,ちつじょ
2900,紙袋,0,かみぶくろ
2900,紳士,0,しんし
2900,経歴,0,けいれき
2900,結合,0,けつごう
2900,航空券,0,こうくうけん
2900,茶袋,0,ちゃぶくろ
2900,薬局,0,やっきょく
2900,虎,0,とら
2900,行使,0,こうし
2900,衣服,0,いふく
2900,袋,0,ふくろ
2900,見本,0,みほん
2900,見込み,0,みこみ
2900,訪れる,0,おとずれる
2900,訴訟,0,そしょう
2900,調節,0,ちょうせつ
2900,資本主義,0,しほんしゅぎ
2900,賞金,0,しょうきん
2900,転勤,0,てんきん
2900,迎える,0,むかえる
2900,追放,0,ついほう
2900,通貨,0,つうか
2900,進める,0,すすめる
2900,金袋,0,かねぶくろ
2900,雨天,0,うてん
2900,青少年,0,せいしょうねん
2900,順位,0,じゅんい
2900,領土,0,りょうど
2900,騒ぎ,0,さわぎ
3000,ドイツ語,1,どいつご
3000,不在,0,ふざい
3000,両者,0,りょうしゃ
3000,並み,0,なみ
3000,中日,0,ちゅうにち
3000,人質,0,ひとじち
3000,他方,0,たほう
3000,侵入,0,しんにゅう
3000,傍ら,0,かたわら
3000,克服,0,こくふく
3000,公認,0,こうにん
3000,出世,0,しゅっせ
3000,制約,0,せいやく
3000,刻む,0,きざむ
3000,割引,0,わりびき
3000,創立,0,そうりつ
3000,創造,0,そうぞう
3000,動機,0,どうき
3000,勘違い,0,かんちがい
3000,右側,0,みぎがわ
3000,唇,0,くちびる
3000,商社,0,しょうしゃ
3000,噴火,0,ふんか
3000,固める,0,かためる
3000,売れる,0,うれる
3000,大地,0,だいち
3000,天才,0,てんさい
3000,天気予報,0,てんきよほう
3000,実家,0,じっか
3000,害,0,がい
3000,家内,0,かない
3000,対決,0,たいけつ
3000,居住,0,きょじゅう
3000,布,0,ぬの
3000,弟子,0,でし
3000,弱点,0,じゃくてん
3000,役人,0,やくにん
3000,御存知,0,ごぞんじ
3000,悪口,0,わるくち
3000,感心,0,かんしん
3000,承知,0,しょうち
3000,抑制,0,よくせい
3000,敗戦,0,はいせん
3000,文芸,0,ぶんげい
3000,更新,0,こうしん
3000,株,0,かぶ
3000,根,0,ね
3000,権威,0,けんい
3000,欄,0,らん
3000,欲望,0,よくぼう
3000,正当,0,せいとう
3000,正面,0,しょうめん
3000,武装,0,ぶそう
3000,気圧,0,きあつ
3000,気象,0,きしょう
3000,水産,0,すいさん
3000,沖,0,おき
3000,泊まる,0,とまる
3000,泥,0,どろ
3000,満ちる,0,みちる
3000,無口,0,むくち
3000,爪,0,つめ
3000,用紙,0,ようし
3000,癖,0,くせ
3000,研修,0,けんしゅう
3000,確信,0,かくしん
3000,私鉄,0,してつ
3000,秘書,0,ひしょ
3000,筋肉,0,きんにく
3000,節約,0,せつやく
3000,素人,0,しろうと
3000,組み込む,0,くみこむ
3000,組長,0,くみちょう
3000,羽,0,はね
3000,職務,0,しょくむ
3000,脱出,0,だっしゅつ
3000,自ら,0,みずから
3000,自立,0,じりつ
3000,自覚,0,じかく
3000,英雄,0,えいゆう
3000,行い,0,おこない
3000,親しむ,0,したしむ
3000,解消,0,かいしょう
3000,調べ,0,しらべ
3000,調和,0,ちょうわ
3000,赤道,0,せきどう
3000,起源,0,きげん
3000,踏切,0,ふみきり
3000,近年,0,きんねん
3000,迷子,0,まいご
3000,追い込む,0,おいこむ
3000,通り,0,とうり
3000,過ぎる,0,すぎる
3000,野外,0,やがい
3000,鑑賞,0,かんしょう
3000,間接,0,かんせつ
3000,間隔,0,かんかく
3000,闇,0,やみ
3000,除く,0,のぞく
3000,雷,0,かみなり
3100,一昨日,0,いっさくじつ
3100,上旬,0,じょうじゅん
3100,並べる,0,ならべる
3100,中断,0,ちゅうだん
3100,中東,0,ちゅうとう
3100,中毒,0,ちゅうどく
3100,事項,0,じこう
3100,五分,0,ごぶ
3100,交わす,0,まじわす
3100,交差点,0,こうさてん
3100,人権,0,じんけん
3100,他,0,ほか
3100,伴う,0,ともなう
3100,元首,0,げんしゅ
3100,冒頭,0,ぼうとう
3100,冷凍,0,れいとう
3100,分,0,ふん
3100,制覇,0,せいは
3100,加速,0,かそく
3100,劣る,0,おとる
3100,勝手,0,かって
3100,収まる,0,おさまる
3100,受け取る,0,うけとる
3100,合図,0,あいず
3100,呼び出す,0,よびだす
3100,善,0,ぜん
3100,器具,0,きぐ
3100,回路,0,かいろ
3100,城,0,しろ
3100,執筆,0,しっぴつ
3100,増す,0,ます
3100,外れる,0,はずれる
3100,大通り,0,おおどおり
3100,失望,0,しつぼう
3100,官庁,0,かんちょう
3100,室内,0,しつない
3100,小売,0,こうり
3100,小山,0,おやま
3100,居間,0,いま
3100,峰,0,みね
3100,州,0,しゅう
3100,差し上げる,0,さしあげる
3100,幅広い,0,はばひろい
3100,幼い,0,おさない
3100,庁,0,ちょう
3100,強烈,0,きょうれつ
3100,悲しみ,0,かなしみ
3100,情勢,0,じょうせい
3100,戦前,0,せんぜん
3100,戦闘,0,せんとう
3100,手法,0,しゅほう
3100,排除,0,はいじょ
3100,摩擦,0,まさつ
3100,時差,0,じさ
3100,時速,0,じそく
3100,枚数,0,まいすう
3100,植える,0,うえる
3100,次ぐ,0,つぐ
3100,死去,0,しきょ
3100,水着,0,みずぎ
3100,求める,0,もとめる
3100,決算,0,けっさん
3100,決議,0,けつぎ
3100,沈む,0,しずむ
3100,消しゴム,0,けしごむ
3100,為,0,ため
3100,無効,0,むこう
3100,爆弾,0,ばくだん
3100,疑い,0,うたがい
3100,着せる,0,きせる
3100,祝う,0,いわう
3100,究極,0,きゅうきょく
3100,突破,0,とっぱ
3100,端,0,はじ
3100,紛争,0,ふんそう
3100,緩和,0,かんわ
3100,繁栄,0,はんえい
3100,膨大,0,ぼうだい
3100,興奮,0,こうふん
3100,苦い,0,にがい
3100,蓋,0,ふた
3100,衣食住,0,いしょくじゅう
3100,西洋人,0,せいようじん
3100,訳,0,わけ
3100,診察,0,しんさつ
3100,評論,0,ひょうろん
3100,誰か,0,だれか
3100,警戒,0,けいかい
3100,軍,0,ぐん
3100,近郊,0,きんこう
3100,連邦,0,れんぽう
3100,進路,0,しんろ
3100,配布,0,はいふ
3100,鉄,0,てつ
3100,間違う,0,まちがう
3100,陽,0,よう
3100,預かる,0,あずかる
3100,頭痛,0,ずつう
3100,頻繁,0,ひんぱん
3100,高原,0,こうげん
3200,この頃,0,このごろ
3200,一人暮らし,0,ひとりぐらし
3200,一億,0,いちおく
3200,一兆,0,いっちょう
3200,上位,0,じょうい
3200,上映,0,じょうえい
3200,上演,0,じょうえん
3200,不要,0,ふよう
3200,世論,0,よろん
3200,両替,0,りょうがえ
3200,京都,0,きょうと
3200,京阪,0,けいはん
3200,仏教,0,ぶっきょう
3200,仲,0,なか
3200,使い,0,つかい
3200,偉い,0,えらい
3200,健全,0,けんぜん
3200,兼ねる,0,かねる
3200,分割,0,ぶんかつ
3200,分散,0,ぶんさん
3200,分裂,0,ぶんれつ
3200,切り,0,きり
3200,北京,0,ぺきん
3200,南アフリカ,0,みなみあふりか
3200,原点,0,げんてん
3200,収容,0,しゅうよう
3200,号,0,ごう
3200,同期,0,どうき
3200,同盟,0,どうめい
3200,名誉,0,めいよ
3200,名高い,0,なだかい
3200,告白,0,こくはく
3200,四十代,0,しじゅうだい
3200,固有,0,こゆう
3200,国防,0,こくぼう
3200,夕日,0,ゆうひ
3200,外観,0,がいかん
3200,夢中,0,むちゅう
3200,好意,0,こうい
3200,客席,0,きゃくせき
3200,小麦,0,こむぎ
3200,工芸,0,こうげい
3200,市立,0,しりつ
3200,幕,0,まく
3200,建てる,0,たてる
3200,彼等,0,かれら
3200,抽選,0,ちゅうせん
3200,排気,0,はいき
3200,散る,0,ちる
3200,日帰り,0,ひがえり
3200,暗殺,0,あんさつ
3200,暗殺者,0,あんさつもの
3200,望み,0,のぞみ
3200,杉,0,すぎ
3200,架空,0,かくう
3200,正規,0,せいき
3200,歳,0,とし
3200,氷,0,こおり
3200,満点,0,まんてん
3200,無数,0,むすう
3200,生年月日,0,せいねんがっぴ
3200,研究室,0,けんきゅうしつ
3200,祖先,0,そせん
3200,移行,0,いこう
3200,紡績,0,ぼうせき
3200,終点,0,しゅうてん
3200,終電,0,しゅうでん
3200,給与,0,きゅうよ
3200,継ぐ,0,つぐ
3200,縛る,0,しばる
3200,美容,0,びよう
3200,翼,0,つばさ
3200,育成,0,いくせい
3200,見舞い,0,みまい
3200,観点,0,かんてん
3200,記す,0,しるす
3200,試し,0,ためし
3200,認可,0,にんか
3200,豆,0,まめ
3200,走行,0,そうこう
3200,趣旨,0,しゅし
3200,踊る,0,おどる
3200,通す,0,とうす
3200,通用,0,つうよう
3200,造船,0,ぞうせん
3200,運輸,0,うんゆ
3200,道場,0,どうじょう
3200,遠慮,0,えんりょ
3200,鐘,0,かね
3200,長大,0,ちょうだい
3200,青空,0,あおぞら
3200,頂点,0,ちょうてん
3200,預金,0,よきん
3200,額,0,ひたい
3200,飾り,0,かざり
3200,騒動,0,そうどう
3200,驚く,0,おどろく
3200,高山,0,こうざん
3200,黒字,0,くろじ
3200,黒板,0,こくばん
3300,一連,0,いちれん
3300,三人,0,さんにん
3300,並木,0,なみき
3300,中でも,0,なかでも
3300,中小,0,ちゅうしょう
3300,乾かす,0,かわかす
3300,仕上げ,0,しあげ
3300,任命,0,にんめい
3300,体質,0,たいしつ
3300,余地,0,よち
3300,余暇,0,よか
3300,余計,0,よけい
3300,保管,0,ほかん
3300,偏見,0,へんけん
3300,停留所,0,ていりゅうしょ
3300,冷える,0,ひえる
3300,出,0,しゅつ
3300,出現,0,しゅつげん
3300,刊行,0,かんこう
3300,創作,0,そうさく
3300,勝ち,0,かち
3300,勝敗,0,しょうはい
3300,区間,0,くかん
3300,半径,0,はんけい
3300,半月,0,はんつき
3300,占領,0,せんりょう
3300,原爆,0,げんばく
3300,合理,0,ごうり
3300,同年,0,どうねん
3300,告げる,0,つげる
3300,園,0,その
3300,垂直,0,すいちょく
3300,外食,0,がいしょく
3300,大手,0,おおて
3300,大衆,0,たいしゅう
3300,始発,0,しはつ
3300,学園,0,がくえん
3300,対談,0,たいだん
3300,市長,0,しちょう
3300,強さ,0,つよさ
3300,従う,0,したがう
3300,御願いします,0,おねがいします
3300,循環,0,じゅんかん
3300,怪しい,0,あやしい
3300,恐れる,0,おそれる
3300,懐かしい,0,なつかしい
3300,掘る,0,ほる
3300,操縦,0,そうじゅう
3300,数値,0,すうち
3300,敵,0,てき
3300,時点,0,じてん
3300,曲線,0,きょくせん
3300,有能,0,ゆうのう
3300,木材,0,もくざい
3300,木綿,0,もめん
3300,本土,0,ほんど
3300,果実,0,かじつ
3300,格差,0,かくさ
3300,様式,0,ようしき
3300,次第に,0,しだいに
3300,正,0,せい
3300,母校,0,ぼこう
3300,水上,0,すいじょう
3300,汚す,0,よごす
3300,河川,0,かせん
3300,沿岸,0,えんがん
3300,法学,0,ほうがく
3300,独占,0,どくせん
3300,病む,0,やむ
3300,百貨店,0,ひゃっかてん
3300,相場,0,そうば
3300,着替える,0,きがえる
3300,短縮,0,たんしゅく
3300,絵本,0,えほん
3300,緑色,0,りょくしょく
3300,織る,0,おる
3300,脂肪,0,しぼう
3300,脚本,0,きゃくほん
3300,膨らむ,0,ふくらむ
3300,花嫁,0,はなよめ
3300,苦しむ,0,くるしむ
3300,著名,0,ちょめい
3300,衆議院,0,しゅうぎいん
3300,表す,0,あらわす
3300,表示,0,ひょうじ
3300,記載,0,きさい
3300,設ける,0,もうける
3300,貴族,0,きぞく
3300,車内,0,しゃない
3300,転換,0,てんかん
3300,野党,0,やとう
3300,閉める,0,しめる
3300,開通,0,かいつう
3300,電源,0,でんげん
3300,風船,0,ふうせん
3300,食器,0,しょっき
3300,食欲,0,しょくよく
3300,餌,0,えさ
3300,首脳,0,しゅのう
3300,驚き,0,おどろき
3400,に関,0,にかん
3400,一周,1,いっしゅう
3400,一帯,0,いったい
3400,一月,1,いちがつ
3400,一本,1,いっぽん
3400,一段,0,いちだん
3400,七月,1,しちがつ
3400,下宿,0,げしゅく
3400,不通,0,ふつう
3400,五月,1,ごがつ
3400,井戸,0,いど
3400,付録,0,ふろく
3400,代行,0,だいこう
3400,作物,0,さくもつ
3400,元年,0,がんねん
3400,元来,0,がんらい
3400,公務員,0,こうむいん
3400,公衆,0,こうしゅう
3400,判事,0,はんじ
3400,劇団,0,げきだん
3400,助教授,0,じょきょうじゅ
3400,区画,0,くかく
3400,半日,0,はんにち
3400,取れる,0,とれる
3400,句,0,く
3400,召し上がる,0,めしあがる
3400,品種,0,ひんしゅ
3400,問屋,0,とんや
3400,問答,0,もんどう
3400,墓地,0,ぼち
3400,妨害,0,ぼうがい
3400,完了,0,かんりょう
3400,審査,0,しんさ
3400,尽くす,0,つくす
3400,届く,0,とどく
3400,川上,0,かわかみ
3400,年長,0,ねんちょう
3400,広大,0,こうだい
3400,度々,0,たびたび
3400,当てる,0,あてる
3400,形態,0,けいたい
3400,従事,0,じゅうじ
3400,御土産,0,おみやげ
3400,復帰,0,ふっき
3400,必ずしも,0,かならずしも
3400,快適,0,かいてき
3400,打撃,0,だげき
3400,振興,0,しんこう
3400,推測,0,すいそく
3400,支度,0,したく
3400,放棄,0,ほうき
3400,新年,0,しんねん
3400,新築,0,しんちく
3400,月間,0,げっかん
3400,気配,0,けはい
3400,活字,0,かつじ
3400,浮かぶ,0,うかぶ
3400,灰皿,0,はいざら
3400,為替,0,かわせ
3400,物,0,もの
3400,生理,0,せいり
3400,生長,0,せいちょう
3400,申し込み,0,もうしこみ
3400,申し込む,0,もうしこむ
3400,的確,0,てきかく
3400,目,0,め
3400,真っ暗,0,まっくら
3400,着手,0,ちゃくしゅ
3400,着陸,0,ちゃくりく
3400,社名,0,しゃめい
3400,移民,0,いみん
3400,稼ぐ,0,かせぐ
3400,突っ込む,0,つっこむ
3400,立法,0,りっぽう
3400,等しい,0,ひとしい
3400,米国,0,べいこく
3400,素早い,0,すばやい
3400,聖書,0,せいしょ
3400,背広,0,せびろ
3400,複合,0,ふくごう
3400,西暦,0,せいれき
3400,誠に,0,まことに
3400,警備,0,けいび
3400,超過,0,ちょうか
3400,跡,0,あと
3400,車輪,0,しゃりん
3400,軌道,0,きどう
3400,辞める,0,やめる
3400,返済,0,へんさい
3400,違法,0,いほう
3400,遠く,0,とおく
3400,重さ,0,おもさ
3400,金色,0,きんいろ
3400,錠,0,じょう
3400,開店,0,かいてん
3400,開設,0,かいせつ
3400,関与,0,かんよ
3400,飛行,0,ひこう
3400,鳴く,0,なく
3400,黄金,0,おうごん
3500,お大事に,0,おだいじに
3500,三月,1,さんがつ
3500,上げ,0,あげ
3500,上陸,0,じょうりく
3500,下す,0,くだす
3500,二月,1,にがつ
3500,仲良く,0,なかよく
3500,伸びる,0,のびる
3500,何十,0,なんじゅう
3500,修了,0,しゅうりょう
3500,倒す,0,たおす
3500,入試,0,にゅうし
3500,入賞,0,にゅうしょう
3500,出場,0,しゅつじょう
3500,前期,0,ぜんき
3500,励ます,0,はげます
3500,勘定,0,かんじょう
3500,化石,0,かせき
3500,十五,0,じゅうご
3500,印,0,いん
3500,司法,0,しほう
3500,合唱,0,がっしょう
3500,同等,0,どうとう
3500,嘘,0,うそ
3500,国王,0,こくおう
3500,圧縮,0,あっしゅく
3500,外人,0,がいじん
3500,外相,0,がいしょう
3500,大名,0,だいみょう
3500,媒体,0,ばいたい
3500,官僚,0,かんりょう
3500,家計,0,かけい
3500,富,0,とみ
3500,左手,0,ひだりて
3500,年寄り,0,としより
3500,店舗,0,てんぽ
3500,庶民,0,しょみん
3500,式,0,しき
3500,引き取る,0,ひきとる
3500,強気,0,つよき
3500,恩,0,おん
3500,我が国,0,わがくに
3500,手順,0,てじゅん
3500,手首,0,てくび
3500,扱い,0,あつかい
3500,招く,0,まねく
3500,持ち,0,もち
3500,指す,0,さす
3500,掲示,0,けいじ
3500,提携,0,ていけい
3500,昇進,0,しょうしん
3500,暫定,0,ざんてい
3500,望ましい,0,のぞましい
3500,未満,0,みまん
3500,水族館,0,すいぞくかん
3500,水面,0,すいめん
3500,法,0,ほう
3500,演習,0,えんしゅう
3500,燃やす,0,もやす
3500,版,0,はん
3500,理念,0,りねん
3500,由来,0,ゆらい
3500,疲労,0,ひろう
3500,発作,0,ほっさ
3500,登校,0,とうこう
3500,皮肉,0,ひにく
3500,県立,0,けんりつ
3500,真珠,0,しんじゅ
3500,短大,0,たんだい
3500,祈る,0,いのる
3500,笛,0,ふえ
3500,簡易,0,かんい
3500,粋,0,すい
3500,終始,0,しゅうし
3500,統治,0,とうち
3500,絹,0,きぬ
3500,芝生,0,しばふ
3500,袖,0,そで
3500,視野,0,しや
3500,親指,0,おやゆび
3500,解剖,0,かいぼう
3500,診療,0,しんりょう
3500,課税,0,かぜい
3500,譲る,0,ゆずる
3500,負傷,0,ふしょう
3500,貧困,0,ひんこん
3500,賃金,0,ちんぎん
3500,足跡,0,そくせき
3500,辞職,0,じしょく
3500,追跡,0,ついせき
3500,送金,0,そうきん
3500,運行,0,うんこう
3500,野生,0,やせい
3500,金利,0,きんり
3500,銃,0,じゅう
3500,長時間,0,ちょうじかん
3500,閉鎖,0,へいさ
3500,陽気,0,ようき
3500,離す,0,はなす
3500,電流,0,でんりゅう
3600,一斉,0,いっせい
3600,三男,0,みつお
3600,丘,0,おか
3600,予選,0,よせん
3600,介護,0,かいご
3600,休養,0,きゅうよう
3600,余る,0,あまる
3600,党,0,とう
3600,公平,0,こうへい
3600,再開,0,さいかい
3600,出入り,0,でいり
3600,出題,0,しゅつだい
3600,制御,0,せいぎょ
3600,協会,0,きょうかい
3600,南部,0,なんぶ
3600,原子,0,げんし
3600,及ぼす,0,およぼす
3600,収支,0,しゅうし
3600,可決,0,かけつ
3600,同情,0,どうじょう
3600,同級生,0,どうきゅうせい
3600,向く,0,むく
3600,和風,0,わふう
3600,喧嘩,0,けんか
3600,噂,0,うわさ
3600,回る,0,まわる
3600,国交,0,こっこう
3600,園芸,0,えんげい
3600,地主,0,じぬし
3600,夕飯,0,ゆうはん
3600,女学校,0,じょがっこう
3600,学術,0,がくじゅつ
3600,定価,0,ていか
3600,対照,0,たいしょう
3600,将軍,0,しょうぐん
3600,小型,0,こがた
3600,展望,0,てんぼう
3600,市街,0,しがい
3600,幼稚園,0,ようちえん
3600,当局,0,とうきょく
3600,得点,0,とくてん
3600,御祝い,0,おいわい
3600,志,0,こころざし
3600,扇,0,おうぎ
3600,技能,0,ぎのう
3600,抱く,0,だく
3600,拍手,0,はくしゅ
3600,持参,0,じさん
3600,振動,0,しんどう
3600,損失,0,そんしつ
3600,放置,0,ほうち
3600,救援,0,きゅうえん
3600,最適,0,さいてき
3600,植木,0,うえき
3600,欠陥,0,けっかん
3600,欲,0,よく
3600,死刑,0,しけい
3600,気味,0,きみ
3600,沿い,0,そい
3600,泡,0,あわ
3600,洗剤,0,せんざい
3600,清掃,0,せいそう
3600,滝,0,たき
3600,火力,0,かりょく
3600,無用,0,むよう
3600,片道,0,かたみち
3600,生,0,なま
3600,用品,0,ようひん
3600,番,0,ばん
3600,発掘,0,はっくつ
3600,目覚まし時計,0,めざましとけい
3600,瞳,0,ひとみ
3600,移住,0,いじゅう
3600,空間,0,くうかん
3600,童話,0,どうわ
3600,約,0,やく
3600,経緯,0,けいい
3600,絶望,0,ぜつぼう
3600,縦,0,たて
3600,背後,0,はいご
3600,航海,0,こうかい
3600,良好,0,りょうこう
3600,補給,0,ほきゅう
3600,襲撃,0,しゅうげき
3600,見舞う,0,みまう
3600,誇る,0,ほこる
3600,論じる,0,ろんじる
3600,貝,0,かい
3600,買収,0,ばいしゅう
3600,賠償,0,ばいしょう
3600,転がる,0,ころがる
3600,辞任,0,じにん
3600,週刊,0,しゅうかん
3600,過剰,0,かじょう
3600,過半数,0,かはんすう
3600,酸化,0,さんか
3600,陸上,0,りくじょう
3600,革新,0,かくしん
3600,養成,0,ようせい
3600,鮮やか,0,せんやか
3700,一気に,0,いっきに
3700,万人,0,ばんにん
3700,不十分,0,ふじゅうぶん
3700,与党,0,よとう
3700,中途,0,ちゅうと
3700,中高,0,ちゅうこう
3700,争う,0,あらそう
3700,交互,0,こうご
3700,住,0,じゅう
3700,体温,0,たいおん
3700,依存,0,いぞん
3700,侵略,0,しんりゃく
3700,停電,0,ていでん
3700,優れる,0,まされる
3700,入口,0,いりぐち
3700,全力,0,ぜんりょく
3700,共和,0,きょうわ
3700,共有,0,きょうゆう
3700,出血,0,しゅっけつ
3700,分け,0,わけ
3700,分校,0,ぶんこう
3700,創刊,0,そうかん
3700,北部,0,ほくぶ
3700,原始,0,げんし
3700,反乱,0,はんらん
3700,台湾,0,たいわん
3700,味噌,0,みそ
3700,喜劇,0,きげき
3700,営む,0,いとなむ
3700,墜落,0,ついらく
3700,太鼓,0,たいこ
3700,定着,0,ていちゃく
3700,履歴書,0,りれきしょ
3700,広める,0,ひろめる
3700,引き分け,0,ひきわけ
3700,引き起こす,0,ひきおこす
3700,御兄さん,0,おにいさん
3700,御姐さん,0,おあねさん
3700,想定,0,そうてい
3700,承諾,0,しょうだく
3700,投入,0,とうにゅう
3700,担任,0,たんにん
3700,持続,0,じぞく
3700,推奨,0,すいしょう
3700,日数,0,にっすう
3700,日頃,0,にちごろ
3700,朝刊,0,ちょうかん
3700,未知,0,みち
3700,本格,0,ほんかく
3700,本棚,0,ほんだな
3700,本音,0,ほんね
3700,柄,0,がら
3700,株主,0,かぶぬし
3700,権,0,けん
3700,武力,0,ぶりょく
3700,母子,0,ぼし
3700,毛皮,0,けがわ
3700,気体,0,きたい
3700,水気,0,みずけ
3700,沖縄,0,おきなわ
3700,浮かべる,0,うかべる
3700,海水,0,かいすい
3700,片手,0,かたて
3700,犯す,0,おかす
3700,生死,0,せいし
3700,発着,0,はっちゃく
3700,省略,0,しょうりゃく
3700,礼儀,0,れいぎ
3700,税関,0,ぜいかん
3700,稲,0,いね
3700,稽古,0,けいこ
3700,穀物,0,こくもつ
3700,米,0,こめ
3700,系列,0,けいれつ
3700,結晶,0,けっしょう
3700,給食,0,きゅうしょく
3700,総理,0,そうり
3700,聞かす,0,きかす
3700,肝心,0,かんじん
3700,腐る,0,くさる
3700,自国,0,じこく
3700,自衛,0,じえい
3700,船舶,0,せんぱく
3700,色彩,0,しきさい
3700,虹,0,にじ
3700,触れる,0,ふれる
3700,言論,0,げんろん
3700,討論,0,とうろん
3700,証券,0,しょうけん
3700,誘導,0,ゆうどう
3700,賭け,0,かけ
3700,返還,0,へんかん
3700,逃れる,0,のがれる
3700,通話,0,つうわ
3700,郡,0,ぐん
3700,阻止,0,そし
3700,革,0,かわ
3700,音色,0,ねいろ
3700,順序,0,じゅんじょ
3800,一面,0,いちめん
3800,不当,0,ふとう
3800,不服,0,ふふく
3800,並行,0,へいこう
3800,主権,0,しゅけん
3800,二重,0,にじゅう
3800,体格,0,たいかく
3800,何でも,0,なんでも
3800,使命,0,しめい
3800,促す,0,うながす
3800,信,0,しん
3800,信者,0,しんじゃ
3800,再度,0,さいど
3800,出国,0,しゅっこく
3800,出土,0,しゅつど
3800,判明,0,はんめい
3800,別,0,べつ
3800,制,0,せい
3800,勘,0,かん
3800,占める,0,しめる
3800,史上,0,しじょう
3800,名目,0,めいもく
3800,執行,0,しっこう
3800,大胆,0,だいたん
3800,始末,0,しまつ
3800,嬉しい,0,うれしい
3800,実質,0,じっしつ
3800,宿,0,やど
3800,密度,0,みつど
3800,小人,0,こども
3800,届ける,0,とどける
3800,展覧会,0,てんらんかい
3800,属,0,ぞく
3800,峠,0,とうげ
3800,崩す,0,くずす
3800,弁護,0,べんご
3800,強行,0,きょうこう
3800,待遇,0,たいぐう
3800,御前,0,おまえ
3800,抜く,0,ぬく
3800,抜ける,0,ぬける
3800,改組,0,かいそ
3800,敏感,0,びんかん
3800,敬意,0,けいい
3800,整う,0,ととのう
3800,施す,0,ほどこす
3800,日本人,0,にほんじん
3800,日本語,1,にほんご
3800,暴れる,0,あばれる
3800,曖昧,0,あいまい
3800,曲げる,0,まげる
3800,最強,0,さいきょう
3800,月刊,0,げっかん
3800,東海,0,とうかい
3800,柱,0,はしら
3800,正体,0,しょうたい
3800,沈黙,0,ちんもく
3800,法案,0,ほうあん
3800,洋画,0,ようが
3800,測量,0,そくりょう
3800,滑る,0,すべる
3800,演じる,0,えんじる
3800,無言,0,むごん
3800,片方,0,かたほう
3800,王女,0,おうじょ
3800,現役,0,げんえき
3800,申し訳,0,もうしわけ
3800,画面,0,がめん
3800,盗難,0,とうなん
3800,硬貨,0,こうか
3800,筆者,0,ひっしゃ
3800,編成,0,へんせい
3800,緩やか,0,ゆるやか
3800,缶,0,かん
3800,脱退,0,だったい
3800,華やか,0,はなやか
3800,蓄積,0,ちくせき
3800,行進,0,こうしん
3800,補償,0,ほしょう
3800,裾,0,すそ
3800,西部,0,せいぶ
3800,見下ろす,0,みおろす
3800,言動,0,げんどう
3800,証言,0,しょうげん
3800,認める,0,みとめる
3800,認定,0,にんてい
3800,謝罪,0,しゃざい
3800,迷う,0,まよう
3800,追及,0,ついきゅう
3800,退学,0,たいがく
3800,運河,0,うんが
3800,適度,0,てきど
3800,適応,0,てきおう
3800,選出,0,せんしゅつ
3800,配分,0,はいぶん
3800,長所,0,ちょうしょ
3800,電灯,0,でんとう
3800,飼育,0,しいく
3800,香港,0,ほんこん
3800,高齢,0,こうれい
3900,不振,0,ふしん
3900,乏しい,0,とぼしい
3900,九州,0,きゅうしゅう
3900,人柄,0,ひとがら
3900,付き合い,0,つきあい
3900,代える,0,かえる
3900,代名詞,0,だいめいし
3900,仮定,0,かてい
3900,伝達,0,でんたつ
3900,例える,0,たとえる
3900,傑作,0,けっさく
3900,光線,0,こうせん
3900,共感,0,きょうかん
3900,内陸,0,ないりく
3900,分担,0,ぶんたん
3900,分配,0,ぶんぱい
3900,前向き,0,まえむき
3900,動詞,0,どうし
3900,勤労,0,きんろう
3900,協定,0,きょうてい
3900,及び,0,および
3900,反射,0,はんしゃ
3900,合間,0,あいま
3900,同日,0,どうじつ
3900,同社,0,どうしゃ
3900,周期,0,しゅうき
3900,四年,0,よねん
3900,国人,0,くにびと
3900,埋める,0,うめる
3900,堀,0,ほり
3900,声音,0,こわね
3900,婿,0,むこ
3900,学院,0,がくいん
3900,実情,0,じつじょう
3900,封,0,ふう
3900,巻き込む,0,まきこむ
3900,平気,0,へいき
3900,役員,0,やくいん
3900,役場,0,やくば
3900,後日,0,ごじつ
3900,徒歩,0,とほ
3900,感激,0,かんげき
3900,戦車,0,せんしゃ
3900,拘束,0,こうそく
3900,挿絵,0,さしえ
3900,捕らえる,0,とらえる
3900,捜索,0,そうさく
3900,描写,0,びょうしゃ
3900,支社,0,ししゃ
3900,教わる,0,おそわる
3900,文庫,0,ぶんこ
3900,新規,0,しんき
3900,昆虫,0,こんちゅう
3900,時折,0,ときおり
3900,望遠鏡,0,ぼうえんきょう
3900,本能,0,ほんのう
3900,東南,0,とうなん
3900,東部,0,とうぶ
3900,梅雨,0,つゆ
3900,標識,0,ひょうしき
3900,模型,0,もけい
3900,横綱,0,よこづな
3900,気まぐれ,0,きまぐれ
3900,江戸,0,えど
3900,浜,0,はま
3900,海軍,0,かいぐん
3900,消息,0,しょうそく
3900,炎,0,ほのお
3900,王,0,おう
3900,王国,0,おうこく
3900,現行,0,げんこう
3900,生殖,0,せいしょく
3900,真夏,0,まなつ
3900,着工,0,ちゃっこう
3900,票,0,ひょう
3900,秒,0,びょう
3900,種目,0,しゅもく
3900,管轄,0,かんかつ
3900,紙幣,0,しへい
3900,絶滅,0,ぜつめつ
3900,綱,0,つな
3900,綱引き,0,つなひきき
3900,繁殖,0,はんしょく
3900,落下,0,らっか
3900,装飾,0,そうしょく
3900,解体,0,かいたい
3900,詐欺,0,さぎ
3900,越す,0,こす
3900,輪,0,わ
3900,辞退,0,じたい
3900,迎え,0,むかえ
3900,運転手,0,うんてんしゅ
3900,野心,0,やしん
3900,金庫,0,きんこ
3900,鉱山,0,こうざん
3900,銀座,0,ぎんざ
3900,関税,0,かんぜい
3900,音声,0,おんせい
3900,顧客,0,こきゃく
4000,一日中,0,いちにちじゅう
4000,下位,0,かい
4000,下降,0,かこう
4000,中立,0,ちゅうりつ
4000,人員,0,じんいん
4000,代用,0,だいよう
4000,体育館,0,たいいくかん
4000,例年,0,れいねん
4000,信念,0,しんねん
4000,入浴,0,にゅうよく
4000,入門,0,にゅうもん
4000,冬季,0,とうき
4000,冷ややか,0,ひややか
4000,処置,0,しょち
4000,出迎え,0,でむかえ
4000,別名,0,べつめい
4000,利害,0,りがい
4000,加盟,0,かめい
4000,助け,0,たすけ
4000,助言,0,じょげん
4000,北極,0,ほっきょく
4000,南下,0,なんか
4000,反,0,はん
4000,反論,0,はんろん
4000,合宿,0,がっしゅく
4000,名付ける,0,なづける
4000,四方,0,しほう
4000,堤防,0,ていぼう
4000,奨励,0,しょうれい
4000,容姿,0,ようし
4000,密接,0,みっせつ
4000,対等,0,たいとう
4000,山間,0,さんかん
4000,後悔,0,こうかい
4000,念,0,ねん
4000,慌てる,0,あわてる
4000,懸念,0,けねん
4000,我が,0,わが
4000,戦場,0,せんじょう
4000,戸籍,0,こせき
4000,手本,0,てほん
4000,抹消,0,まっしょう
4000,排水,0,はいすい
4000,採点,0,さいてん
4000,提示,0,ていじ
4000,放つ,0,ほうっつ
4000,方程式,0,ほうていしき
4000,日米,0,にちべい
4000,暖かい,0,あたたかい
4000,本番,0,ほんばん
4000,枕,0,まくら
4000,果てる,0,はてる
4000,検事,0,けんじ
4000,歯医者,0,はいしゃ
4000,残酷,0,ざんこく
4000,法廷,0,ほうてい
4000,消滅,0,しょうめつ
4000,湿度,0,しつど
4000,溺れる,0,おぼれる
4000,煙突,0,えんとつ
4000,照らす,0,てらす
4000,球,0,たま
4000,理学,0,りがく
4000,琴,0,こん
4000,田園,0,でんえん
4000,申告,0,しんこく
4000,痩せる,0,やせる
4000,発射,0,はっしゃ
4000,真っ先,0,まっさき
4000,真空,0,しんくう
4000,続々,0,ぞくぞく
4000,羨ましい,0,うらやましい
4000,義理,0,ぎり
4000,表記,0,ひょうき
4000,装備,0,そうび
4000,要領,0,ようりょう
4000,規格,0,きかく
4000,訴え,0,うったえ
4000,誓う,0,ちかう
4000,語り,0,かたり
4000,賞品,0,しょうひん
4000,車掌,0,しゃしょう
4000,農場,0,のうじょう
4000,進展,0,しんてん
4000,過失,0,かしつ
4000,郵送,0,ゆうそう
4000,都道府県,0,とどうふけん
4000,重複,0,ちょうふく
4000,鉱物,0,こうぶつ
4000,閉会,0,へいかい
4000,閉店,0,へいてん
4000,開拓,0,かいたく
4000,閲覧,0,えつらん
4000,雄,0,おす
4000,集計,0,しゅうけい
4000,静止,0,せいし
4000,頭,0,あたま
4000,頭脳,0,ずのう
4000,食糧,0,しょくりょう
4000,鳴らす,0,ならす
4100,おめでとうございます,0,おめでとうございます
4100,一大,0,いちだい
4100,一週間,0,いっしゅうかん
4100,不動産,0,ふどうさん
4100,事柄,0,ことがら
4100,二階,0,にかい
4100,二階建て,0,にかいだてて
4100,任意,0,にんい
4100,何千,0,なんぜん
4100,便り,0,たより
4100,個,0,こ
4100,値,0,あたい
4100,像,0,ぞう
4100,公私,0,こうし
4100,冷やす,0,ひやす
4100,制裁,0,せいさい
4100,前もって,0,まえもって
4100,北方,0,ほっぽう
4100,区役所,0,くやくしょ
4100,厳重,0,げんじゅう
4100,反撃,0,はんげき
4100,取得,0,しゅとく
4100,名刺,0,めいし
4100,含める,0,ふくめる
4100,和平,0,わへい
4100,固体,0,こたい
4100,地価,0,ちか
4100,塩辛い,0,しおからい
4100,売り場,0,うりば
4100,多大,0,ただい
4100,夜行,0,やこう
4100,子会社,0,こがいしゃ
4100,孤立,0,こりつ
4100,学名,0,がくめい
4100,小国,0,しょうこく
4100,山脈,0,さんみゃく
4100,巡査,0,じゅんさ
4100,巨人,0,きょじん
4100,市販,0,しはん
4100,当事者,0,とうじしゃ
4100,御誕生日おめでとうございます,0,おたんじょうびおめでとうございます
4100,意地悪,0,いじわる
4100,愚か,0,おろか
4100,所在,0,しょざい
4100,拝む,0,おがむ
4100,挑発,0,ちょうはつ
4100,探検,0,たんけん
4100,放る,0,ほうる
4100,放出,0,ほうしゅつ
4100,日向,0,ひゅうが
4100,早口,0,はやくち
4100,早期,0,そうき
4100,書記,0,しょき
4100,木造,0,もくぞう
4100,本山,0,ほんざん
4100,本館,0,ほんかん
4100,栄誉,0,えいよ
4100,止める,0,やめる
4100,気楽,0,きらく
4100,気質,0,きしつ
4100,汎用,0,はんよう
4100,沿う,0,そう
4100,津波,0,つなみ
4100,混合,0,こんごう
4100,濃度,0,のうど
4100,炎上,0,えんじょう
4100,独裁,0,どくさい
4100,王者,0,おうじゃ
4100,用心,0,ようじん
4100,番地,0,ばんち
4100,真似,0,まね
4100,称,0,しょう
4100,移植,0,いしょく
4100,空想,0,くうそう
4100,競馬,0,けいば
4100,絶頂,0,ぜっちょう
4100,総数,0,そうすう
4100,総裁,0,そうさい
4100,自社,0,じしゃ
4100,蒸気,0,じょうき
4100,蛇,0,へび
4100,表明,0,ひょうめい
4100,補強,0,ほきょう
4100,触媒,0,しょくばい
4100,誕生日,0,たんじょうび
4100,農地,0,のうち
4100,逃走,0,とうそう
4100,連盟,0,れんめい
4100,遂げる,0,とげる
4100,遮断,0,しゃだん
4100,選考,0,せんこう
4100,還元,0,かんげん
4100,都立,0,とりつ
4100,金魚,0,きんぎょ
4100,鉄板,0,てっぱん
4100,鉛,0,なまり
4100,限り,0,かぎり
4100,青山,0,あおやま
4100,飛び込む,0,とびこむ
4100,骨髄,0,こつずい
4200,上場,0,じょうじょう
4200,乳,0,ちち
4200,乾杯,0,かんぱい
4200,事例,0,じれい
4200,付き,0,つき
4200,係,0,かかり
4200,傾斜,0,けいしゃ
4200,凍る,0,こおる
4200,出来高,0,できだか
4200,利点,0,りてん
4200,割に,0,わりに
4200,勤め,0,つとめ
4200,包装,0,ほうそう
4200,原油,0,げんゆ
4200,受信,0,じゅしん
4200,和解,0,わかい
4200,啓発,0,けいはつ
4200,喫煙,0,きつえん
4200,四角い,0,しかくい
4200,国旗,0,こっき
4200,土台,0,どだい
4200,塀,0,へい
4200,変換,0,へんかん
4200,多く,0,おおく
4200,天ぷら,0,てんぷら
4200,字,0,じ
4200,存じる,0,ぞんじる
4200,家出,0,いえで
4200,富む,0,とむ
4200,屋外,0,おくがい
4200,干す,0,ほす
4200,干渉,0,かんしょう
4200,引き出す,0,ひきだす
4200,役立つ,0,やくたつ
4200,従属,0,じゅうぞく
4200,徹夜,0,てつや
4200,把握,0,はあく
4200,折れる,0,おれる
4200,探る,0,さぐる
4200,敗北,0,はいぼく
4200,新婚,0,しんこん
4200,新興,0,しんこう
4200,旋回,0,せんかい
4200,晩年,0,ばんねん
4200,機体,0,きたい
4200,次元,0,じげん
4200,歯車,0,はぐるま
4200,母国,0,ぼこく
4200,民法,0,みんぽう
4200,気軽,0,きがる
4200,決まり,0,きまり
4200,沸かす,0,わかす
4200,法的,0,ほうてき
4200,活気,0,かっき
4200,流域,0,りゅういき
4200,潮,0,しお
4200,火星,0,かせい
4200,無断,0,むだん
4200,燃焼,0,ねんしょう
4200,特権,0,とっけん
4200,理性,0,りせい
4200,生き物,0,いきもの
4200,異動,0,いどう
4200,白鳥,0,はくちょう
4200,皆様,0,みなさま
4200,盆,0,ぼん
4200,目下,0,めした
4200,矢,0,や
4200,示唆,0,しさ
4200,福,0,ふく
4200,空白,0,くうはく
4200,空軍,0,くうぐん
4200,細菌,0,さいきん
4200,統制,0,とうせい
4200,肥,0,こえ
4200,肺,0,はい
4200,脳,0,のう
4200,自粛,0,じしゅく
4200,花瓶,0,かびん
4200,英和,0,えいわ
4200,虫歯,0,むしば
4200,衣料,0,いりょう
4200,訂正,0,ていせい
4200,詩,0,し
4200,豆腐,0,とうふ
4200,賢い,0,かしこい
4200,赴任,0,ふにん
4200,軍人,0,ぐんじん
4200,軽減,0,けいげん
4200,逆転,0,ぎゃくてん
4200,通,0,とおり
4200,連れ,0,つれ
4200,遊園地,0,ゆうえんち
4200,配列,0,はいれつ
4200,酷似,0,こくじ
4200,防御,0,ぼうぎょ
4200,電球,0,でんきゅう
4200,青木,0,あおき
4200,顕彰,0,けんしょう
4200,風俗,0,ふうぞく
4300,一同,0,いちどう
4300,了承,0,りょうしょう
4300,仕掛け,0,しかけ
4300,休校,0,きゅうこう
4300,伸び,0,のび
4300,住宅地,0,じゅうたくち
4300,何て,0,なんて
4300,何ら,0,なんら
4300,何事,0,なにごと
4300,個別,0,こべつ
4300,入札,0,にゅうさつ
4300,利子,0,りし
4300,削る,0,けずる
4300,副作用,0,ふくさよう
4300,割れる,0,われる
4300,包丁,0,ほうちょう
4300,厚み,0,あつみ
4300,吹雪,0,ふぶき
4300,和歌,0,わか
4300,商,0,しょう
4300,堅実,0,けんじつ
4300,売り上げ,0,うりあげ
4300,外務,0,がいむ
4300,外貨,0,がいか
4300,大野,0,おおの
4300,奇跡,0,きせき
4300,宝くじ,0,たからくじ
4300,家畜,0,かちく
4300,家鴨,0,あひる
4300,寝台,0,しんだい
4300,寿司,0,すし
4300,尋問,0,じんもん
4300,小包,0,こづつみ
4300,局,0,きょく
4300,履く,0,はく
4300,川口,0,かわぐち
4300,帝国,0,ていこく
4300,幹,0,かん
4300,床下,0,ゆかした
4300,引き続き,0,ひきつづき
4300,復興,0,ふっこう
4300,忍耐,0,にんたい
4300,恨み,0,うらみ
4300,情,0,じょう
4300,懐,0,ふところ
4300,手軽,0,てがる
4300,早速,0,さっそく
4300,易しい,0,やさしい
4300,書留,0,かきとめ
4300,未成年,0,みせいねん
4300,東側,0,ひがしがわ
4300,柔らかい,0,やわらかい
4300,桃,0,もも
4300,検証,0,けんしょう
4300,業種,0,ぎょうしゅ
4300,模擬,0,もぎ
4300,樹木,0,じゅもく
4300,機嫌,0,きげん
4300,歌舞伎,0,かぶき
4300,止む,0,とむ
4300,残高,0,ざんだか
4300,汁,0,しる
4300,浮気,0,うわき
4300,溶かす,0,とかす
4300,点検,0,てんけん
4300,父子,0,ふし
4300,版画,0,はんが
4300,理,0,り
4300,産婦人科,0,さんふじんか
4300,由,0,ゆ
4300,異性,0,いせい
4300,白髪,0,しらが
4300,盆地,0,ぼんち
4300,目前,0,もくぜん
4300,眠り,0,ねむり
4300,短歌,0,たんか
4300,短編,0,たんぺん
4300,社説,0,しゃせつ
4300,紺,0,こん
4300,経路,0,けいろ
4300,育ち,0,そだち
4300,血圧,0,けつあつ
4300,行方,0,なめがた
4300,見かけ,0,みかけ
4300,規律,0,きりつ
4300,話しかける,0,はなしかける
4300,議決,0,ぎけつ
4300,輝く,0,かがやく
4300,速やか,0,すみやか
4300,遅刻,0,ちこく
4300,避ける,0,さける
4300,鈴,0,すず
4300,間近,0,まじか
4300,阻む,0,はばむ
4300,隙間,0,すきま
4300,面会,0,めんかい
4300,食パン,0,しょくぱん
4300,飽きる,0,あきる
4300,鴨,0,かも
4300,鶏,0,にわとり
4400,⽔着,0,⽔ちゃく
4400,⾷事,0,⾷こと
4400,その後,0,そののち
4400,どっか,0,どっか
4400,事,0,こと
4400,代わる,0,かわる
4400,会,0,かい
4400,位,0,くらい
4400,何だっていい,0,なんだっていい
4400,何だって？,0,なんだって？
4400,何の,0,なんの,どの
4400,何れ,0,いずれ,どれ
4400,何処,0,どこ
4400,何処か,0,どこか
4400,何処だって,0,どこだって
4400,何奴,0,どいつ,どやつ
4400,何度,0,なんど
4400,何度か,0,なんどか
4400,何度でも,0,なんどでも
4400,何度も,0,なんども
4400,何所,0,なにところ
4400,何方,0,どっち
4400,何方様,0,どっちさま
4400,何時,1,なんじ
4400,何時だって,0,なんじだって
4400,何時でも,0,なんじでも
4400,何時頃,0,なんじごろ
4400,何者,0,なにもの
4400,倉,0,くら
4400,其の,0,その
4400,其れ,0,それ
4400,其れ其れ,0,そのれそのれ
4400,其方,0,そのほう
4400,再来年,0,さらいねん
4400,割,0,わり
4400,又,0,また
4400,受かる,0,うかる
4400,吹き掛ける,0,ふきかける
4400,外務省,0,がいむしょう
4400,夫れ夫れ,0,おっとれおっとれ
4400,女男,0,おんなおとこ
4400,奴,0,やつ
4400,如何,0,いか
4400,如何して,0,どうして
4400,如何に,0,いかに
4400,如何言う,0,いかいう
4400,子どもたち,0,こどもたち
4400,寝,0,ね
4400,対,0,つい
4400,居る,0,いる
4400,屑,0,くず
4400,年々,0,ねんねん
4400,彼の,0,かの,あの
4400,彼れ,0,あれ
4400,彼方,0,かなた
4400,彼氏,0,かれし
4400,徐々,0,じょじょ
4400,御休みなさい,0,おやすみなさい
4400,御免なさい,0,ごめんなさい
4400,御願い,0,おねがい
4400,急度,0,きっと
4400,戦,0,せん
4400,掛かる,0,かかる
4400,掛ける,0,かける
4400,揺る,0,ゆる
4400,斯う,0,かう
4400,於ける,0,おける
4400,日本語力,0,にほんごりょく
4400,早める,0,はやめる
4400,未だ,0,いまだ
4400,株式会社,0,かぶしきがいしゃ
4400,根本,0,こんぽん
4400,機,0,き
4400,此の,0,この
4400,此れ,0,これ
4400,此方,0,このかた
4400,水遣り,0,みずやり
4400,灯,0,ともしび
4400,為る,0,する
4400,無い,0,ない
4400,然う,0,ぜんう
4400,熊,0,くま
4400,生け花,0,いけばな
4400,社,0,しゃ
4400,等,0,など
4400,系,0,けい
4400,股,0,また
4400,能⼒,0,のう⼒
4400,致す,0,いたす
4400,英訳,0,えいやく
4400,行る,0,ぎょうる
4400,誰だって,0,だれだって
4400,連れていく,0,つれていく
4400,連れてくる,0,つれてくる
4400,遣る,0,やる
4400,遣る気,0,やるき
4400,遺体,0,いたい
4400,部,0,ぶ
4400,関わる,0,かかわる
4400,館,0,かん
4500,⼥,1,⼥
4500,⼥性,1,⼥せい
4500,そう言う,0,そういう
4500,それ共,0,それとも
4500,つらい・辛い,0,つらい・つらい
4500,どう致しまして,0,どういたしまして
4500,アメリカ合衆国,0,あめりかがっしゅうこく
4500,丈,0,たけ
4500,丈で無くて。。。も,0,たけでなくて。。。も
4500,主,0,しゅ
4500,付く,0,つく
4500,付ける,0,つける
4500,代表的,0,だいひょうてき
4500,但し,0,ただし
4500,何なの,0,なになの
4500,何の様な,0,なんのような
4500,何時か,1,なんじか
4500,何時も,1,なんじも
4500,先ず,0,まず
4500,公,0,こう
4500,出来る,1,できる
4500,初めて,1,はじめて
4500,勝,0,かち
4500,収録,0,しゅうろく
4500,受賞,0,じゅしょう
4500,可愛い,0,かわい
4500,和訳,0,わやく
4500,善い,0,よい
4500,嘗て,0,かつて
4500,嘘を付く,0,うそをつく
4500,基,0,もと
4500,場,0,ば
4500,塩漬け,0,しおづけ
4500,大成,0,たいせい
4500,大活躍,0,だいかつやく
4500,大阪,0,おおさか
4500,射る,0,いる
4500,市,0,し
4500,度,1,ど
4500,彼女等,1,かのじょら
4500,御箸,0,おはし
4500,御金,0,おきん
4500,成る,1,なる
4500,搭載,0,とうさい
4500,数分間,0,すうふんかん
4500,数時間,0,すうじかん
4500,旅行会社,0,りょこうがいしゃ
4500,暗,1,あん
4500,更に,0,さらに
4500,書,0,かき
4500,有る,1,ある
4500,期,0,き
4500,枚,0,まい
4500,此の辺,0,このへん
4500,気が付く,0,きがつく
4500,気を付ける,0,きをつける
4500,派,0,は
4500,済まなかった,0,すまなかった
4500,温かい,1,あたたかい
4500,煩い,0,うるさい
4500,独り,0,ひとり
4500,甘酸っぱい,0,あまずっぱい
4500,省,0,しょう
4500,看る,0,かんる
4500,県道,0,けんどう
4500,科,0,か
4500,種,0,たね
4500,箸置き,0,はしおき
4500,美味い,0,うまい
4500,美味しい,0,おいしい
4500,聴く,0,きく
4500,艦,0,かん
4500,蓮華,0,れんげ
4500,西北,0,せいほく
4500,西南,0,せいなん
4500,見付かる,0,みつかる
4500,見付け出す,0,みつけだす
4500,視える,0,しえる
4500,視る,0,みる
4500,観える,0,かんえる
4500,観る,0,みる
4500,訳者,0,やくしゃ
4500,詰まらない,0,つまらない
4500,誰でも,1,だれでも
4500,超-,0,ちょう-
4500,超美味しい,0,ちょうおいしい
4500,路線,0,ろせん
4500,辛い,0,つらい
4500,酸っぱい,0,すっぱい
4500,長,0,ちょう
4500,関,0,かん
4500,隊,0,たい
4500,随分,0,ずいぶん
4500,難い,0,がたい
4500,面,0,めん
4500,鞄,0,かばん
4500,食べ放題,0,たべほうだい
4500,飲み放題,0,のみほうだい
4500,騒がしい,0,さわがしい
4500,鶏肉,0,とりにく
4600,いつ頃,0,いつごろ
4600,一泊,0,いっぱく
4600,一生懸命な,0,いっしょうけんめいな
4600,一目,0,いちもく
4600,一般的な,0,いっぱんてきな
4600,一覧,0,いちらん
4600,上手い,0,うまい
4600,不可能,0,ふかのう
4600,不味い,0,まずい
4600,丼,0,どんぶり
4600,二目,0,にめ
4600,仏,0,ほとけ
4600,仕方がない,0,しかたがない
4600,伝統的,0,でんとうてき
4600,係わる,0,かかわる
4600,偉な,0,いな
4600,兵,0,へい
4600,刑さん,0,けいさん
4600,初,0,はつ
4600,北海道,0,ほっかいどう
4600,卵丼,0,たまごどんぶり
4600,原,0,はら
4600,友好,0,ゆうこう
4600,友好的,0,ゆうこうてき
4600,可笑しい,0,おかしい
4600,味い,0,あじい
4600,品,0,ひん
4600,員,0,いん
4600,団,0,だん
4600,士,0,さむらい
4600,大人気,0,だいにんき
4600,女神,0,めがみ
4600,嫌になる,0,いやになる
4600,宜しい,0,よろしい
4600,室,0,しつ
4600,察,0,さつ
4600,少な,0,すくな
4600,巻,0,かん
4600,平,0,たいら
4600,御宅,0,おたく
4600,御客様,0,おきゃくさま
4600,悲観的,0,ひかんてき
4600,挙げる,0,あげる
4600,政,0,まつりごと
4600,族,0,ぞく
4600,旨い,0,うまい
4600,時刻表,0,じこくひょう
4600,暫く,0,しばらく
4600,条,0,じょう
4600,果たす,0,はたす
4600,校,0,こう
4600,極当たり前,0,きょくあたりまえ
4600,概要,0,がいよう
4600,次,0,つぎ
4600,欲しがる,0,ほっしがる
4600,武,0,たけし
4600,殆んど,0,ほとんど
4600,民宿,0,みんしゅく
4600,求まる,0,もとまる
4600,沢山,0,たくさん
4600,流れる,0,ながれる
4600,消極的,0,しょうきょくてき
4600,温い,0,ぬくい
4600,無関係,0,むかんけい
4600,煎る,0,いる
4600,牛丼,0,ぎゅうどん
4600,現,0,げん
4600,田,0,た
4600,疲れる,0,つかれる
4600,相似る,0,そうじる
4600,県,0,けん
4600,真似る,0,まねる
4600,移籍,0,いせき
4600,素晴しい,0,すばらしい
4600,紫色,0,むらさきいろ
4600,綺麗な,0,きれいな
4600,編,0,へん
4600,群,0,ぐん
4600,義,0,ぎ
4600,者,0,もの
4600,色々,0,いろいろ
4600,英,0,えい
4600,藩,0,はん
4600,誌,0,し
4600,説,0,せつ
4600,警部,0,けいぶ
4600,通勤者,0,つうきんしゃ
4600,速い,0,はやい
4600,運動者,0,うんどうもの
4600,運転者,0,うんてんしゃ
4600,部隊,0,ぶたい
4600,酷い,0,ひどい
4600,重,0,じゅう
4600,量,0,りょう
4600,間に,0,まに
4600,院,0,いん
4600,陸軍,0,りくぐん
4600,領,0,りょう
4600,飲み会,1,のみかい
4600,駅弁,0,えきべん
4700,⼤使館,0,⼤しかん
4700,⽸,0,⽸
4700,じゃが芋,0,じゃがいも
4700,その他,0,そのほか
4700,に取って,0,にとって
4700,両,0,りょう
4700,中文,0,ちゅうぶん
4700,中継,0,ちゅうけい
4700,丸,0,まる
4700,久によち,0,きゅうによち
4700,仰る,0,ぎょうる
4700,偶に,0,ぐうに
4700,内,0,ない
4700,内食,0,ないしょく
4700,出来る丈,0,できるたけ
4700,初代,0,しょだい
4700,刺身,0,さしみ
4700,千葉,0,ちば
4700,台⾵,0,だい⾵
4700,史,0,し
4700,司令,0,しれい
4700,名古屋,0,なごや
4700,和,0,わ
4700,和酒,0,わさけ
4700,因る,0,よる
4700,圏,0,けん
4700,堂,0,どう
4700,大形,0,おおがた
4700,失礼,0,しつれい
4700,奢る,0,おごる
4700,如何致しまして,0,いかいたしまして
4700,客人,0,きゃくじん
4700,家,0,いえ
4700,対戦,0,たいせん
4700,専,0,せん
4700,就いて,0,ついて
4700,尾,0,お
4700,屋,0,や
4700,屹度,0,きつど
4700,師,0,し
4700,帯,0,おび
4700,広島,0,ひろしま
4700,座,0,ざ
4700,弾,0,だん
4700,当,0,とう
4700,御握り,0,おにぎり
4700,忠,0,ただし
4700,惑星,0,わくせい
4700,態々,0,わざわざ
4700,態と,0,わざと
4700,成る程,0,なるほど
4700,所為,0,しょい
4700,才,0,さい
4700,打,0,だ
4700,摂氏,0,せっし
4700,文房具,0,ぶんぼうぐ
4700,新出,0,しんしゅつ
4700,新出語,0,しんしゅつご
4700,旅⾏,0,たび⾏
4700,既に,0,すでに
4700,旧,0,きゅう
4700,明,0,めい
4700,業,0,ぎょう
4700,横浜,0,よこはま
4700,歳未満,0,としみまん
4700,民,0,たみ
4700,法人,0,ほうじん
4700,清,0,きよし
4700,状,0,じょう
4700,申す,0,もうす
4700,界,0,かい
4700,発つ,0,たつ
4700,相,0,そう
4700,着,0,ちゃく
4700,祭,0,まつり
4700,福岡,0,ふくおか
4700,空き⽸,0,あき⽸
4700,競走,0,きょうそう
4700,美酒,0,びしゅ
4700,自ずから,0,おのずから
4700,艦隊,0,かんたい
4700,蔵,0,くら
4700,街,0,まち
4700,街々,0,まち々
4700,見間違う,0,みまちがう
4700,観光団,0,かんこうだん
4700,観光客,0,かんこうきゃく
4700,観光業,0,かんこうぎょう
4700,観光者,0,かんこうもの
4700,論,0,ろん
4700,路,0,みち
4700,述べる,0,のべる
4700,連載,0,れんさい
4700,開業,0,かいぎょう
4700,階,0,かい
4700,露天,0,ろてん
4700,韓国,0,かんこく
4700,類,0,るい
4700,飴,0,あめ
4700,黙る,0,だまる
4800,ソ連,0,それん
4800,主人公,0,しゅじんこう
4800,井,0,い
4800,今直ぐ,0,いますぐ
4800,仙台,0,せんだい
4800,余り,0,あまり
4800,係る,0,かかる
4800,保,0,ほ
4800,僅か,0,わずか
4800,元々,0,もともと
4800,兄貴,0,あにき
4800,兼,0,けん
4800,内閣,0,ないかく
4800,利,0,り
4800,創設,0,そうせつ
4800,参戦,0,さんせん
4800,又は,0,または
4800,反対に,0,はんたいに
4800,古,0,こ
4800,可愛がる,0,かわいがる
4800,各地,0,かくち
4800,吉,0,きち
4800,吠える,0,ほえる
4800,嗅ぐ,0,かぐ
4800,器,0,うつわ
4800,国鉄,0,こくてつ
4800,域,0,いき
4800,大,0,だい
4800,太,0,た
4800,太平洋,0,たいへいよう
4800,太郎,0,たろう
4800,守,0,しゅ
4800,宮,0,みや
4800,層,0,そう
4800,岡山,0,おかやま
4800,帝,0,みかど
4800,師団,0,しだん
4800,年頃,0,ねんごろ
4800,府,0,ふ
4800,康,0,やすし
4800,建造,0,けんぞう
4800,徳,0,とく
4800,愛す,0,あいす
4800,愛知,0,あいち
4800,慶,0,よし
4800,拠点,0,きょてん
4800,敗,0,はい
4800,敗れる,0,やぶれる
4800,教,0,きょう
4800,新潟,0,にいがた
4800,朝鮮,0,ちょうせん
4800,本州,0,ほんしゅう
4800,本線,0,ほんせん
4800,核,0,かく
4800,楽曲,0,がっきょく
4800,欧州,0,おうしゅう
4800,段,0,だん
4800,江,0,こう
4800,治,0,おさむ
4800,流,0,りゅう
4800,流石に,0,さすがに
4800,源,0,げん
4800,漸く,0,やうやく
4800,漸と,0,ぜんと
4800,潜る,0,もぐる
4800,率いる,0,ひきいる
4800,王座,0,おうざ
4800,現れる,0,あらわれる
4800,皇帝,0,こうてい
4800,盤,0,ばん
4800,直,0,ちょく
4800,知,0,ち
4800,神奈川,0,かながわ
4800,神戸,0,こうべ
4800,福島,0,ふくしま
4800,程,0,ほど
4800,節,0,ふし
4800,紀元,0,きげん
4800,美,0,び
4800,聖,0,ひじり
4800,職,0,しょく
4800,藩主,0,はんしゅ
4800,親分,0,おやぶん
4800,計,0,けい
4800,記,0,き
4800,貴女,0,あなた
4800,貴方,0,あなた
4800,貴男,0,たかお
4800,超える,0,こえる
4800,通ずる,0,つうずる
4800,通称,0,つうしょう
4800,酸,0,さん
4800,間もない,0,かんもない
4800,間も無く,0,まもなく
4800,関東,0,かんとう
4800,集,0,しゅう
4800,電話が鳴る,0,でんわがなる
4800,静岡,0,しずおか
4800,項,0,こう
4800,高,0,たか
4900,ああ,1,ああ
4900,おっと,0,おっと
4900,さよなら,1,さよなら
4900,しか,0,しか
4900,すっかり,0,すっかり
4900,ただえま,1,ただえま
4900,びっくり,0,びっくり
4900,もう直ぐ,0,もうすぐ
4900,ゆっくり,0,ゆっくり
4900,イケ面,0,いけめん
4900,キリスト教,0,きりすときょう
4900,一重,0,ひとえ
4900,上記,0,じょうき
4900,上達,0,じょうたつ
4900,丸で,0,まるで
4900,交差,0,こうさ
4900,仁,0,ひとし
4900,今晩は,1,こんばんは
4900,休止,0,きゅうし
4900,伝う,0,つたう
4900,便,0,びん
4900,便所,0,べんじょ
4900,先々週,0,せんせんしゅう
4900,入団,0,にゅうだん
4900,兵庫,0,ひょうご
4900,刃,0,は
4900,合言葉,1,あいことば
4900,向ける,0,むける
4900,器機,0,きき
4900,因む,0,ちなむ
4900,埼玉,0,さいたま
4900,多,0,た
4900,大好物,0,だいこうぶつ
4900,天文,0,てんもん
4900,奇数,0,きすう
4900,定,0,てい
4900,封筒,0,ふうとう
4900,小,0,しょう
4900,小さな,0,ちいさな
4900,小便,0,しょうべん
4900,小形,0,こがた
4900,属す,0,ぞくす
4900,幕府,0,ばくふ
4900,広,0,こう
4900,店長,0,てんちょう
4900,後継,0,こうけい
4900,御尻,0,おしり
4900,御腹,0,おなか
4900,手掛ける,0,てがける
4900,投手,0,とうしゅ
4900,指名,0,しめい
4900,携帯電話,0,けいたいでんわ
4900,改称,0,かいしょう
4900,施行,0,しこう
4900,昇格,0,しょうかく
4900,有り難い,0,ありがたい
4900,有り難う,0,ありがとう
4900,来々週,0,らいらいしゅう
4900,杯,0,はい
4900,様,0,さま
4900,様に,0,ように
4900,沢,0,さわ
4900,泣き声,0,なきこえ
4900,津,0,つ
4900,涸れる,0,かれれる
4900,潜水,0,せんすい
4900,瀬,0,せ
4900,点け,0,つけ
4900,為される,0,なされる
4900,産,0,さん
4900,画,0,が
4900,略称,0,りゃくしょう
4900,直ぐ,0,すぐ
4900,直ぐに,0,すぐに
4900,着信音,0,ちゃくしんおと
4900,確り,0,しっかり
4900,秀,0,しゅう
4900,稲妻,0,いなづま
4900,筆箱,0,ふでばこ
4900,紀,0,き
4900,継承,0,けいしょう
4900,繋がる,0,つながる
4900,脱落,0,だつらく
4900,臭い,0,くさい
4900,著作,0,ちょさく
4900,蟻,0,あり
4900,衛,0,まもる
4900,褒める,0,ほめる
4900,視聴,0,しちょう
4900,諸島,0,しょしま
4900,車体,0,しゃたい
4900,通算,0,つうさん
4900,連,0,れん
4900,郷,0,さと
4900,里,0,さと
4900,長崎,0,ながさき
4900,長野,0,ながの
4900,陣,0,じん
4900,頂ける,0,いただける
4900,鹿児島,0,かこしま
5000,いらっしゃる,0,いらっしゃる
5000,きちんと,0,きちんと
5000,ただ今,1,ただいま
5000,なあ,0,なあ
5000,はい,1,はい
5000,ふざけんなよ巫山戯る,0,ふざけんなよふざける
5000,ほら,0,ほら
5000,もう少しで,0,もうすこしで
5000,よし,0,よし
5000,よっしゃ,0,よっしゃ
5000,よっしゃ吃驚ふざけんなよ巫山戯る,0,よっしゃきっきょうふざけんなよふざける
5000,チクショウ,0,ちくしょう
5000,チンピラ,0,ちんぴら
5000,ドア,1,どあ
5000,マジ,0,まじ
5000,一般に,0,いっぱんに
5000,世界大戦,0,せかいたいせん
5000,了解,0,りょうかい
5000,京,0,きょう
5000,今際,0,いまわ
5000,仮令,0,かりれい
5000,件,0,けん
5000,伊,0,い
5000,何才,1,なんさい
5000,何故,0,なぜ
5000,何歳,1,なんさい
5000,作詞,0,さくし
5000,偶数,0,ぐうすう
5000,危,0,き
5000,危うい,0,あやうい
5000,取締,0,とりしまり
5000,号室,0,ごうしつ
5000,吃驚ふざけんなよ巫山戯る,0,きっきょうふざけんなよふざける
5000,名乗る,0,なのる
5000,周,1,しゅう
5000,周年,1,しゅうねん
5000,呼称,0,こしょう
5000,命名,0,めいめい
5000,唯,0,ただ
5000,回避,0,かいひ
5000,園地,0,えんち
5000,在籍,0,ざいせき
5000,声優,0,せいゆう
5000,奈良,0,なら
5000,岐阜,0,ぎふ
5000,後述,0,こうじゅつ
5000,御手洗い,0,おてあらいい
5000,御目出度う,0,おめしゅつどう
5000,徳川,0,とくがわ
5000,怪我,0,けが
5000,愛称,0,あいしょう
5000,感,0,かん
5000,折り紙,0,おりがみ
5000,振動音,0,しんどうおと
5000,換える,0,かえる
5000,撤退,0,てったい
5000,案,0,あん
5000,植民,0,しょくみん
5000,極める,0,きわめる
5000,正気,0,しょうき
5000,此奴,0,こいつ,こやつ
5000,此奴等,0,これやつら
5000,民主党,0,みんしゅとう
5000,気安い,0,きやすい
5000,河馬,0,かば
5000,液,0,えき
5000,狼,0,おおかみ
5000,生き残る,0,いきのこる
5000,畜生,0,ちくしょう
5000,癖に,0,くせに
5000,目茶,0,めちゃ
5000,目茶苦茶,0,めちゃくちゃ
5000,真っ直ぐ,0,まっすぐぐ
5000,秋田,0,あきた
5000,空手,1,からて
5000,立てる,0,たてる
5000,笑い声,0,わらいこえ
5000,筈,0,はず
5000,続行,0,ぞっこう
5000,見做す,0,けんさくす
5000,見張る,0,みはる
5000,許り,0,ばかり
5000,豊,0,ゆたか
5000,起用,0,きよう
5000,軽,0,けい
5000,遥々,0,はるばる
5000,選,0,せん
5000,配信,0,はいしん
5000,長官,0,ちょうかん
5000,関数,0,かんすう
5000,阪神,0,はんしん
5000,阿呆,0,あほ
5000,隆,0,たかし
5000,階級,0,かいきゅう
5000,頁,0,ぺーじ
5000,頂く,0,いただく
5000,駆逐,0,くちく
5000,駒,0,こま
5000,鼻毛,0,はなげ
5100,あのう,1,あのう
5100,ううん,1,ううん
5100,うめぇ,0,うめぇ
5100,うん,1,うん
5100,ええ,1,ええ
5100,さあ,0,さあ
5100,したっけ,0,したっけ
5100,ちゃんと,0,ちゃんと
5100,ひくひく,0,ひくひく
5100,ふざけんなよ,0,ふざけんなよ
5100,ふざけ合う,0,ふざけあう
5100,まあ,0,まあ
5100,やばい,0,やばい
5100,クビ,0,くび
5100,一晩中,0,ひとばんじゅう
5100,丁度,0,ちょうど
5100,不機嫌,0,ふきげん
5100,乗り遅れる,0,のりおくれる
5100,人声,0,ひとごえ
5100,今日は,1,こんにちは
5100,例え,0,たとえ
5100,傾聴,0,けいちょう
5100,兎,0,うさぎ
5100,再来週,0,さらいしゅう
5100,再送,0,さいそう
5100,冠,0,かん
5100,博物,0,はくぶつ
5100,反吐,0,へど
5100,吃驚,0,きっきょう
5100,合成音声,0,ごうせいおんせい
5100,吐く,0,はく
5100,吠え声,0,ほえこえ
5100,喉,0,のど
5100,喘ぎ声,0,あえぎこえ
5100,喘ぐ,0,あえぐ
5100,嘸,0,ぶ
5100,囮,0,おとり
5100,夕べ,1,ゆうべ
5100,夢を見る,1,ゆめをみる
5100,小食,0,しょうしょく
5100,居なくなる,0,いなくなる
5100,山奥,0,やまおく
5100,巫山戯る,0,ふざける
5100,幾つ,0,いくつ
5100,御化け,0,おばけ
5100,御愁傷様,0,ごしゅうしょうさま
5100,御早う,1,おそうう
5100,御早うございます,1,おそううございます
5100,御知らせ,0,おしらせ
5100,御馳走,0,ごちそう
5100,御馳走様,0,ごちそうさま
5100,思いがけない　,0,おもいがけない
5100,悩ます,0,なやます
5100,愁傷,0,しゅうしょう
5100,日本製,0,にほんせい
5100,未読,0,みどく
5100,札幌,0,さっぽろ
5100,栗鼠,0,くりねずみ
5100,極,0,きょく
5100,欠伸,0,あくび
5100,段々,0,だんだん
5100,殻,0,から
5100,比較的,0,ひかくてき
5100,河,0,かわ
5100,済まない,0,すまない
5100,溜息,0,ためいき
5100,滑り易い,0,すべりやすい
5100,為に,0,ために
5100,無くなる,0,なくなる
5100,熊本,0,くまもと
5100,看護師,0,かんごし
5100,真,0,まこと
5100,睨む,0,にらむ
5100,知れる,0,しれる
5100,砕く,0,くだく
5100,確かめる,0,たしかめる
5100,経,0,けい
5100,繋ぐ,0,つなぐ
5100,良,0,りょう
5100,良ければ,0,よければ
5100,良さそう,0,よさそう
5100,若し,0,もし
5100,藤,0,ふじ
5100,蜘蛛,0,くも
5100,蝶,0,ちょう
5100,蝶々,0,ちょうちょう
5100,訊く,0,きく
5100,足音,0,あしおと
5100,輝かす,0,かがやかす
5100,途,0,と
5100,通知音,0,つうちおと
5100,連隊,0,れんたい
5100,陸,0,りく
5100,難易,0,なんい
5100,難易度,0,なんいど
5100,電子音,0,でんしおん
5100,非常口,0,ひじょうぐち
5100,鯉,0,こい
5100,鳴き声,0,なきごえ
5100,鼠,0,ねずみ
5200,あり得る,0,ありえる
5200,うんこ,1,
5200,うんち,1,
5200,かどうか,0,
5200,くっそ,0,
5200,しっこ,0,
5200,とか,0,
5200,みる,0,
5200,スペイン語,1,
5200,バラバラ,0,ばらばら
5200,フランス語,1,
5200,作動,0,さどう
5200,作動音,0,さどうおん
5200,其奴,0,そいつ,そやつ
5200,否,0,ひ,いいえ
5200,平仮名,0,ひらがな
5200,彼奴,0,あいつ,あやつ
5200,得る,0,える
5200,御前ら,0,おまえら
5200,怯える,0,おびえる
5200,新仮名,0,しんかな
5200,新漢字,0,しんかんじ
5200,然も,0,さも
5200,片仮名,0,カタカナ
5200,糞,0,くそ,ばば
5200,転送,0,てんそう
5200,避難,0,ひなん
